AREA_NAME,ASSAMESE,BENGALI ,BODO ,DOGRI ,GUJARATI,Others,HINDI ,KANNADA,KASHMIRI ,KONKANI,MAITHILI ,MALAYALAM,MANIPURI ,MARATHI ,NEPALI ,ODIA ,PUNJABI ,SANSKRIT ,SINDHI,TAMIL ,TELUGU ,URDU,ADI ,ARABIC/ARBI ,BHOTIA ,COORGI/KODAGU ,ENGLISH ,KHASI ,KUKI,KURUKH/ORAON ,LAHNDA ,Others ,LUSHAI/MIZO ,MARAM,MUNDA,MUNDARI ,NISSI/DAFLA ,SAVARA,TIBETAN ,TULU ,OTHERS,SANTALI ,AFGHANI/KABULI/PASHTO ,ANAL ,ANGAMI ,AO ,BHILI/BHILODI ,BHUMIJ ,CHAKRU/CHOKRI ,DIMASA ,GANGTE ,GARO ,GONDI,HALAM ,HMAR,HO,KABUI ,KARBI/MIKIR ,KHANDESHI,KHARIA ,KHEZHA ,KISAN ,KOCH ,KODA/KORA ,KOM,KONDA,KORKU ,KORWA ,KUI ,LADAKHI ,LAHAULI ,LAKHER,LEPCHA ,LIMBU ,LOTHA ,MAO,MARING ,MISHMI ,MOGH ,MONPA ,NICOBARESE ,PAITE,PARJI ,POCHURY,RABHA ,RENGMA ,SANGTAM ,SEMA,TANGKHUL ,THADO ,TRIPURI ,VAIPHEI ,ZELIANG ,ZEMI ,KINNAURI ,MALTO ,RAI ,TAMANG ,CHAKHESANG ,CHANG ,HALABI,KOLAMI ,MIRI/MISHING,SHERPA ,TANGSA,YIMCHUNGRE,BISHNUPURIYA,DEORI ,GADABA ,JATAPU ,KHIEMNUNGAN,KHOND/KONDH ,KONYAK ,NOCTE ,SHINA,WANCHO,ZOU ,KOYA ,LIANGMEI ,PHOM ,BALTI ,PAWI ,JUANG ,LALUNG 
ANDHRA PRADESH,2199,36212,576,732.0,53598,5,864740,134192,549.0,2574,1185.0,52740,1115.0,240402,9066,97839,22512,434.0,11111.0,325660,21316887,4999581,45.0,726.0,69.0,53.0,10985,28.0,66.0,57.0,35.0,30.0,249.0,1.0,50.0,41.0,7.0,946.0,16.0,515.0,10711,194.0,14.0,2.0,17.0,29.0,4412.0,8.0,2.0,17.0,0.0,24.0,8938.0,6.0,16.0,12.0,29.0,0.0,3.0,67.0,6.0,0.0,10.0,3.0,3.0,1195.0,3.0,5.0,24.0,2.0,2.0,11.0,3.0,0.0,18.0,10.0,0.0,1.0,2.0,6.0,5.0,22.0,16.0,4.0,0.0,4.0,0.0,9.0,8.0,41.0,37.0,16.0,1.0,0.0,11.0,4.0,0.0,1.0,1.0,3.0,4.0,590.0,0.0,19.0,3.0,0.0,0.0,6.0,58.0,50.0,0.0,105.0,6.0,0.0,0.0,7.0,30.0,4406.0,7.0,3.0,0.0,0.0,0.0,0.0
ARUNACHAL PRADESH,18786,33905,2037,428.0,98,757,47495,219,68.0,29,1804.0,2460,1704.0,789,30183,2102,1962,4.0,10.0,432,707,679,47265.0,2.0,7504.0,0.0,39,107.0,83.0,269.0,2.0,3.0,433.0,8.0,249.0,84.0,76303.0,142.0,948.0,1.0,9566,111.0,0.0,4.0,19.0,224.0,4.0,0.0,2.0,8.0,3.0,386.0,2.0,1.0,7.0,6.0,22.0,168.0,0.0,43.0,0.0,0.0,7.0,0.0,0.0,0.0,7.0,0.0,1.0,11.0,0.0,7.0,8.0,52.0,16.0,60.0,1.0,4973.0,8.0,3432.0,1.0,33.0,1.0,0.0,32.0,28.0,0.0,20.0,35.0,24.0,55.0,4.0,1.0,1.0,3.0,0.0,102.0,361.0,2.0,1.0,1.0,0.0,2530.0,80.0,3425.0,4.0,29.0,446.0,0.0,0.0,8.0,0.0,1.0,6167.0,0.0,5465.0,0.0,0.0,1.0,7.0,1.0,0.0,0.0,1.0
ASSAM,2055522,1461903,50131,401.0,1101,41,546789,631,72.0,71,4682.0,1923,27711.0,2091,69494,9144,13281,50.0,326.0,1478,14810,3146,173.0,310.0,27.0,3.0,612,1400.0,4109.0,1593.0,2.0,23.0,1722.0,0.0,664.0,229.0,95.0,395.0,87.0,26.0,12335,2238.0,41.0,13.0,48.0,503.0,534.0,8.0,3.0,14007.0,36.0,6048.0,28.0,206.0,6655.0,7.0,1305.0,46509.0,0.0,299.0,5.0,0.0,358.0,0.0,2.0,0.0,0.0,18.0,0.0,1.0,4.0,7.0,3.0,0.0,32.0,54.0,0.0,152.0,31.0,19.0,0.0,229.0,7.0,0.0,3091.0,370.0,5.0,43.0,100.0,295.0,340.0,175.0,13.0,3520.0,0.0,111.0,25.0,51.0,7.0,0.0,0.0,0.0,11180.0,0.0,88.0,12.0,8236.0,1573.0,0.0,0.0,1.0,0.0,0.0,46.0,1.0,12.0,17.0,0.0,6.0,0.0,1.0,1.0,0.0,1273.0
BIHAR,640,76713,7,104.0,1586,1,9316604,199,230.0,17,667058.0,1018,81.0,811,1887,1074,7534,347.0,1186.0,586,762,1647924,21.0,3093.0,9.0,87.0,2154,0.0,3.0,10101.0,0.0,25.0,28.0,0.0,140.0,483.0,8.0,0.0,17.0,25.0,3661,11178.0,0.0,0.0,1.0,0.0,12.0,6.0,0.0,0.0,0.0,0.0,16.0,2.0,0.0,231.0,0.0,0.0,2.0,64.0,1.0,0.0,1.0,76.0,0.0,3.0,0.0,13.0,0.0,0.0,14.0,2.0,0.0,0.0,1.0,3.0,0.0,0.0,1.0,0.0,0.0,1.0,0.0,0.0,1.0,0.0,0.0,0.0,2.0,0.0,4.0,0.0,0.0,0.0,1.0,86.0,0.0,0.0,0.0,82.0,1.0,0.0,2.0,0.0,0.0,0.0,0.0,0.0,0.0,5.0,0.0,6.0,0.0,0.0,0.0,0.0,0.0,0.0,0.0,0.0,0.0,0.0,0.0,0.0
CHANDIGARH,406,6059,6,1026.0,1564,3,756395,425,1304.0,86,2806.0,1960,460.0,1237,6251,1910,225183,13.0,134.0,5573,1317,10351,2.0,47.0,52.0,6.0,435,12.0,0.0,39.0,96.0,1.0,22.0,0.0,63.0,45.0,0.0,3.0,40.0,8.0,626,38.0,20.0,0.0,2.0,4.0,2.0,0.0,0.0,0.0,0.0,0.0,3.0,0.0,3.0,0.0,10.0,0.0,1.0,4.0,0.0,0.0,0.0,0.0,0.0,4.0,0.0,1.0,0.0,269.0,23.0,0.0,8.0,0.0,1.0,2.0,0.0,0.0,0.0,0.0,12.0,0.0,0.0,0.0,0.0,0.0,0.0,0.0,7.0,0.0,11.0,0.0,0.0,0.0,56.0,2.0,0.0,4.0,0.0,0.0,0.0,0.0,0.0,0.0,0.0,0.0,4.0,0.0,0.0,0.0,0.0,0.0,0.0,0.0,0.0,0.0,4.0,0.0,0.0,0.0,2.0,0.0,0.0,0.0
CHHATTISGARH,531,112275,34,350.0,34135,39,4987611,1603,90.0,145,8039.0,21855,84.0,104400,2902,182770,62115,198.0,92105.0,9042,101868,69369,1.0,339.0,15.0,0.0,1267,1.0,1.0,40147.0,11.0,1.0,16.0,0.0,1281.0,252.0,8.0,0.0,0.0,21.0,1448,1636.0,103.0,0.0,5.0,16.0,72.0,10.0,0.0,10.0,0.0,8.0,39241.0,2.0,1.0,1244.0,6.0,1.0,571.0,777.0,4.0,7.0,1.0,13.0,0.0,3.0,14.0,420.0,0.0,6.0,0.0,0.0,0.0,0.0,0.0,0.0,2.0,0.0,1.0,0.0,0.0,3.0,470.0,0.0,0.0,0.0,0.0,1.0,0.0,1.0,15.0,1.0,4.0,0.0,5.0,0.0,0.0,0.0,0.0,0.0,56224.0,0.0,1.0,0.0,0.0,0.0,0.0,0.0,0.0,0.0,0.0,0.0,0.0,0.0,0.0,0.0,0.0,9.0,0.0,0.0,0.0,0.0,0.0,0.0
DADRA & NAGAR HAVELI,538,2524,16,3.0,45134,1,69924,817,9.0,206,1958.0,2033,68.0,18934,931,3323,350,0.0,451.0,665,702,851,0.0,0.0,0.0,0.0,237,0.0,0.0,1.0,0.0,1.0,0.0,0.0,9.0,12.0,0.0,0.0,0.0,42.0,635,44.0,0.0,0.0,0.0,0.0,10022.0,0.0,0.0,0.0,0.0,0.0,3.0,0.0,0.0,5.0,0.0,5.0,126.0,5.0,2.0,0.0,0.0,0.0,2.0,0.0,0.0,0.0,0.0,0.0,0.0,0.0,0.0,0.0,0.0,0.0,0.0,0.0,0.0,0.0,0.0,0.0,0.0,0.0,0.0,0.0,0.0,0.0,0.0,3.0,5.0,0.0,0.0,0.0,0.0,0.0,0.0,0.0,0.0,0.0,0.0,0.0,0.0,0.0,0.0,0.0,0.0,0.0,0.0,0.0,0.0,0.0,0.0,0.0,0.0,0.0,0.0,0.0,0.0,0.0,0.0,0.0,0.0,0.0
DAMAN & DIU,1048,4847,21,2.0,71551,2,82601,413,3.0,142,978.0,1124,12.0,10192,1195,3958,218,2.0,365.0,308,452,928,2.0,15.0,0.0,2.0,173,0.0,0.0,21.0,0.0,2.0,0.0,0.0,3.0,5.0,0.0,0.0,0.0,24.0,1675,81.0,0.0,0.0,0.0,0.0,453.0,0.0,0.0,0.0,0.0,0.0,0.0,0.0,0.0,0.0,0.0,0.0,9.0,6.0,3.0,0.0,0.0,0.0,4.0,2.0,0.0,0.0,0.0,0.0,0.0,0.0,0.0,0.0,0.0,0.0,0.0,0.0,0.0,0.0,0.0,0.0,0.0,1.0,7.0,0.0,0.0,0.0,0.0,0.0,5.0,0.0,0.0,0.0,0.0,0.0,0.0,0.0,0.0,0.0,0.0,0.0,0.0,0.0,0.0,0.0,0.0,0.0,0.0,0.0,0.0,0.0,0.0,0.0,0.0,0.0,0.0,0.0,0.0,0.0,0.0,0.0,0.0,0.0
GOA,770,5816,27,105.0,5976,3,123091,53972,281.0,546538,224.0,11205,243.0,87079,1982,4214,1641,670.0,571.0,5663,8793,36079,3.0,64.0,2.0,56.0,7655,13.0,1.0,83.0,62.0,7.0,31.0,0.0,17.0,63.0,2.0,8.0,51.0,785.0,1497,46.0,14.0,4.0,2.0,5.0,699.0,0.0,0.0,2.0,0.0,7.0,144.0,0.0,0.0,0.0,2.0,1.0,8.0,34.0,0.0,0.0,1.0,0.0,109.0,0.0,231.0,5.0,1.0,4.0,0.0,0.0,1.0,1.0,1.0,3.0,0.0,1.0,0.0,0.0,0.0,0.0,1.0,0.0,0.0,1.0,0.0,4.0,4.0,0.0,1.0,0.0,1.0,0.0,2.0,0.0,0.0,2.0,2.0,1.0,23.0,106.0,2.0,1.0,3.0,1.0,0.0,0.0,0.0,0.0,0.0,0.0,0.0,0.0,0.0,0.0,0.0,0.0,0.0,0.0,0.0,0.0,0.0,0.0
GUJARAT,2935,70192,81,1915.0,19498567,2,3755547,16102,1052.0,1684,9505.0,61033,352.0,857802,22056,170147,55391,680.0,591794.0,37593,69590,460511,36.0,276.0,1.0,14.0,3890,13.0,13.0,94.0,3662.0,249.0,32.0,1.0,16.0,82.0,65.0,1.0,17.0,993.0,9165,268.0,78.0,3.0,14.0,2.0,27023.0,3.0,0.0,2.0,1.0,11.0,376.0,1.0,2.0,30.0,0.0,1.0,12758.0,59.0,6.0,0.0,0.0,15.0,0.0,7.0,0.0,8.0,0.0,10.0,0.0,1.0,1.0,0.0,4.0,65.0,0.0,5.0,1.0,0.0,4.0,2.0,34.0,3.0,102.0,0.0,0.0,0.0,0.0,3.0,144.0,0.0,0.0,4.0,5.0,1.0,0.0,3.0,0.0,0.0,1051.0,0.0,10.0,0.0,1.0,0.0,14.0,0.0,0.0,0.0,0.0,2.0,0.0,0.0,1.0,0.0,5.0,23.0,16.0,0.0,0.0,0.0,0.0,0.0
HARYANA,2538,56709,56,1749.0,6340,3,7875502,2873,5946.0,393,18118.0,13257,461.0,10677,13697,11727,735073,405.0,1624.0,11343,8522,46283,125.0,390.0,42.0,16.0,3031,18.0,14.0,475.0,9414.0,7.0,83.0,0.0,858.0,89.0,49.0,25.0,230.0,57.0,1993,75.0,214.0,0.0,7.0,0.0,291.0,1.0,0.0,4.0,1.0,8.0,37.0,3.0,5.0,22.0,6.0,1.0,50.0,105.0,5.0,1.0,0.0,4.0,0.0,0.0,0.0,8.0,0.0,892.0,7.0,1.0,4.0,0.0,3.0,0.0,0.0,0.0,13.0,1.0,0.0,4.0,0.0,0.0,1.0,3.0,0.0,1.0,14.0,12.0,19.0,1.0,0.0,0.0,19.0,0.0,0.0,6.0,0.0,0.0,0.0,0.0,1.0,2.0,3.0,1.0,6.0,0.0,4.0,0.0,0.0,0.0,2.0,1.0,7.0,2.0,3.0,0.0,0.0,0.0,20.0,0.0,0.0,0.0
HIMACHAL PRADESH,341,2131,113,1756.0,804,24,569425,185,2672.0,34,1610.0,625,92.0,1228,13137,1526,69424,79.0,20.0,452,569,1575,52.0,29.0,294.0,1.0,316,12.0,72.0,449.0,67.0,4.0,166.0,0.0,57.0,53.0,5.0,0.0,11550.0,14.0,809,37.0,170.0,14.0,4.0,28.0,20.0,0.0,0.0,0.0,2.0,12.0,1.0,0.0,0.0,1.0,4.0,0.0,14.0,3.0,5.0,0.0,0.0,0.0,1.0,1.0,106.0,8.0,0.0,109.0,3182.0,9.0,1.0,0.0,12.0,11.0,0.0,0.0,4.0,3.0,0.0,1.0,0.0,0.0,0.0,2.0,0.0,3.0,4.0,1.0,10.0,0.0,0.0,0.0,2939.0,0.0,0.0,5.0,1.0,0.0,0.0,0.0,2.0,21.0,0.0,0.0,15.0,0.0,0.0,0.0,0.0,0.0,3.0,0.0,31.0,0.0,4.0,0.0,0.0,0.0,4.0,0.0,0.0,0.0
JAMMU & KASHMIR,5786,12846,387,652815.0,9835,5,351805,4578,2139764.0,51,582.0,7516,1216.0,14823,5819,6912,126598,26.0,17.0,10196,9773,11347,12.0,7.0,23892.0,6.0,484,134.0,78.0,158.0,3990.0,9.0,226.0,0.0,72.0,36.0,14.0,0.0,16165.0,15.0,1548,106.0,5258.0,11.0,0.0,12.0,65.0,0.0,0.0,2.0,20.0,29.0,14.0,6.0,10.0,16.0,5.0,5.0,1914.0,13.0,12.0,1.0,0.0,1.0,7.0,1.0,3.0,0.0,0.0,2899.0,3.0,6.0,2.0,0.0,16.0,4.0,0.0,3.0,0.0,8.0,1.0,22.0,0.0,0.0,3.0,1.0,1.0,11.0,3.0,32.0,113.0,5.0,0.0,2.0,72.0,3.0,1.0,11.0,1.0,0.0,0.0,0.0,10.0,21.0,0.0,0.0,4.0,1.0,0.0,0.0,5.0,0.0,1.0,2.0,1475.0,2.0,3.0,0.0,0.0,0.0,1455.0,0.0,0.0,0.0
JHARKHAND,742,784957,32,186.0,13904,1,5370137,1057,122.0,211,119498.0,5838,235.0,4299,15554,157063,75897,589.0,1651.0,9380,29295,904269,29.0,677.0,0.0,6.0,2053,3.0,2.0,84624.0,29.0,5.0,22.0,0.0,1818.0,75085.0,6.0,5.0,1.0,6.0,3268,168363.0,8.0,6.0,3.0,1.0,175.0,1042.0,0.0,0.0,0.0,1.0,220.0,2.0,0.0,89645.0,0.0,1.0,8.0,9762.0,0.0,29.0,1.0,19.0,0.0,1.0,0.0,601.0,2.0,1.0,3.0,0.0,1.0,0.0,3.0,0.0,0.0,1.0,6.0,1.0,4.0,1.0,0.0,0.0,3.0,0.0,1.0,0.0,2.0,1.0,15.0,1.0,0.0,0.0,0.0,558.0,0.0,0.0,0.0,4.0,4.0,0.0,5.0,0.0,1.0,1.0,2.0,0.0,0.0,0.0,0.0,0.0,0.0,0.0,0.0,0.0,2.0,0.0,0.0,0.0,0.0,0.0,0.0,0.0
KARNATAKA,6887,66368,256,718.0,103533,1,925139,11610128,2555.0,430922,1647.0,434105,3800.0,827184,15334,47907,24896,1016.0,16868.0,1777550,1951506,4476220,104.0,607.0,400.0,34087.0,21536,261.0,107.0,167.0,274.0,616.0,425.0,1.0,148.0,55.0,19.0,59.0,3230.0,605865.0,229955,235.0,27.0,12.0,55.0,56.0,954.0,9.0,13.0,18.0,10.0,36.0,860.0,7.0,24.0,23.0,44.0,31.0,3.0,48.0,11.0,3.0,3.0,142.0,61.0,7.0,4.0,122.0,4.0,88.0,0.0,46.0,19.0,4.0,43.0,32.0,6.0,2.0,33.0,135.0,3.0,117.0,0.0,6.0,2.0,5.0,1.0,57.0,206.0,131.0,96.0,38.0,0.0,7.0,20.0,6.0,0.0,3.0,2.0,2.0,63.0,0.0,8.0,5.0,31.0,3.0,15.0,17.0,4.0,6.0,6.0,7.0,4.0,1.0,1.0,1.0,19.0,0.0,0.0,0.0,0.0,0.0,0.0,0.0
KERALA,2743,16776,14,197.0,4358,74,39500,28800,544.0,53137,190.0,15545968,353.0,7700,2639,6835,1202,183.0,1242.0,156260,17702,9120,9.0,129.0,5.0,45.0,3329,7.0,13.0,33.0,0.0,1.0,17.0,0.0,14.0,20.0,4.0,8.0,7.0,33220.0,2016,42.0,10.0,1.0,3.0,4.0,271.0,0.0,0.0,0.0,0.0,3.0,5.0,0.0,0.0,4.0,1.0,12.0,0.0,10.0,0.0,0.0,0.0,0.0,11.0,0.0,1.0,4.0,7.0,16.0,4.0,1.0,0.0,0.0,1.0,1.0,0.0,0.0,0.0,0.0,0.0,6.0,0.0,0.0,14.0,0.0,0.0,0.0,0.0,2.0,8.0,2.0,1.0,64.0,1.0,74.0,1.0,2.0,0.0,0.0,0.0,0.0,0.0,0.0,0.0,0.0,0.0,0.0,0.0,0.0,0.0,0.0,0.0,0.0,0.0,0.0,0.0,0.0,0.0,0.0,0.0,0.0,0.0,0.0
LAKSHADWEEP,1,131,5,0.0,21,1,143,16,0.0,1,0.0,40394,0.0,21,4,27,4,0.0,7.0,219,38,32,2.0,0.0,0.0,0.0,1,0.0,0.0,0.0,0.0,0.0,0.0,0.0,0.0,0.0,0.0,0.0,0.0,2.0,9260,0.0,3.0,0.0,0.0,0.0,0.0,0.0,0.0,0.0,0.0,0.0,0.0,0.0,0.0,0.0,0.0,0.0,0.0,0.0,0.0,0.0,0.0,0.0,0.0,0.0,0.0,0.0,0.0,0.0,0.0,0.0,0.0,0.0,0.0,0.0,0.0,0.0,0.0,0.0,0.0,0.0,0.0,0.0,0.0,0.0,0.0,0.0,0.0,0.0,0.0,0.0,0.0,0.0,0.0,0.0,0.0,0.0,0.0,0.0,0.0,0.0,0.0,0.0,0.0,0.0,0.0,0.0,0.0,0.0,0.0,0.0,0.0,0.0,0.0,0.0,0.0,0.0,0.0,0.0,0.0,0.0,0.0,0.0
MADHYA PRADESH,1754,64311,71,772.0,109460,6,18080923,2413,671.0,632,3176.0,34599,934.0,475822,7972,13031,97591,1020.0,241831.0,18518,20484,762873,71.0,898.0,25.0,15.0,1918,11.0,70.0,3040.0,933.0,17.0,169.0,4.0,145.0,405.0,12.0,4.0,6.0,72.0,6021,180.0,12.0,13.0,23.0,16.0,71713.0,1.0,0.0,11.0,8.0,17.0,27314.0,1.0,1.0,51.0,3.0,4.0,13075.0,56.0,1.0,3.0,1.0,0.0,5.0,3.0,3691.0,124.0,0.0,50.0,0.0,9.0,19.0,0.0,13.0,7.0,1.0,2.0,2.0,6.0,0.0,11.0,0.0,0.0,9.0,1.0,6.0,23.0,5.0,5.0,23.0,8.0,5.0,5.0,8.0,0.0,2.0,0.0,5.0,0.0,137.0,0.0,0.0,0.0,3.0,0.0,13.0,6.0,0.0,0.0,0.0,1.0,0.0,0.0,0.0,5.0,7.0,0.0,2.0,0.0,2.0,0.0,0.0,0.0
MAHARASHTRA,10322,354970,266,1123.0,2239594,7,10417018,488979,6723.0,240459,44405.0,350928,3260.0,27487142,67316,125503,268350,3555.0,704915.0,489641,910133,5899606,109.0,1530.0,90.0,425.0,104808,236.0,228.0,1461.0,2869.0,620.0,360.0,8.0,463.0,262.0,40.0,50.0,212.0,117467.0,68166,1195.0,135.0,8.0,43.0,43.0,166399.0,37.0,6.0,26.0,15.0,117.0,34658.0,7.0,8.0,487.0,55.0,21.0,175015.0,256.0,17.0,27.0,14.0,34.0,28.0,14.0,6136.0,1256.0,0.0,13.0,4.0,34.0,9.0,15.0,14.0,18.0,2.0,16.0,15.0,8.0,0.0,92.0,12.0,3.0,28.0,0.0,1.0,64.0,157.0,70.0,106.0,13.0,2.0,65.0,30.0,6.0,95.0,40.0,1.0,22.0,16407.0,1642.0,14.0,6.0,11.0,11.0,10.0,4.0,8.0,0.0,0.0,28.0,8.0,0.0,10.0,3.0,0.0,0.0,74.0,1.0,17.0,1.0,0.0,0.0
MANIPUR,826,5471,63,178.0,64,1,16502,167,4.0,8,98.0,618,688466.0,225,6555,337,709,1.0,0.0,1148,433,79,11.0,3.0,2.0,1.0,93,79.0,5381.0,8.0,0.0,2.0,1703.0,69.0,3.0,1.0,4.0,0.0,1.0,2.0,2796,3.0,0.0,545.0,30.0,66.0,0.0,0.0,1.0,9.0,1321.0,19.0,2.0,3.0,8070.0,0.0,30190.0,16.0,1.0,3.0,12.0,0.0,0.0,0.0,957.0,0.0,0.0,0.0,0.0,1.0,0.0,0.0,6.0,2.0,11.0,786.0,418.0,0.0,1.0,5.0,2.0,4677.0,0.0,0.0,5.0,2.0,0.0,7.0,29758.0,15735.0,64.0,3151.0,3.0,1109.0,0.0,0.0,0.0,14.0,7.0,1.0,0.0,0.0,0.0,2.0,10.0,309.0,204.0,0.0,0.0,0.0,1.0,0.0,6.0,4.0,0.0,8.0,2241.0,0.0,2234.0,13.0,0.0,0.0,0.0,0.0
MEGHALAYA,11420,60870,1940,208.0,211,6,44440,340,26.0,53,789.0,1195,3508.0,4149,36887,688,3880,3.0,230.0,657,768,1839,337.0,4.0,177.0,1.0,206,287965.0,1206.0,131.0,5.0,15.0,4139.0,0.0,72.0,18.0,294.0,16.0,472.0,15.0,3314,72.0,6.0,180.0,70.0,395.0,6.0,0.0,10.0,66.0,275.0,113324.0,0.0,52.0,1351.0,2.0,157.0,171.0,0.0,11.0,16.0,0.0,1130.0,3.0,45.0,0.0,0.0,0.0,1.0,0.0,0.0,90.0,11.0,1.0,209.0,183.0,0.0,27.0,4.0,82.0,0.0,677.0,0.0,0.0,1168.0,46.0,22.0,55.0,805.0,412.0,367.0,418.0,31.0,25.0,0.0,0.0,0.0,10.0,22.0,9.0,0.0,0.0,51.0,0.0,37.0,18.0,276.0,21.0,0.0,1.0,0.0,1.0,24.0,69.0,0.0,104.0,284.0,1.0,33.0,13.0,0.0,4.0,0.0,23.0
MIZORAM,1008,11063,178,152.0,42,1,8608,155,16.0,43,85.0,615,1989.0,216,8123,234,265,0.0,0.0,227,230,78,24.0,35.0,1.0,1.0,48,526.0,187.0,38.0,0.0,6.0,499431.0,2.0,14.0,3.0,21.0,1.0,1.0,0.0,2999,708.0,0.0,3.0,9.0,35.0,10.0,9.0,5.0,22.0,203.0,68.0,0.0,88.0,3815.0,2.0,13.0,7.0,0.0,6.0,0.0,1.0,2.0,0.0,1.0,0.0,0.0,0.0,0.0,3.0,0.0,14050.0,3.0,1.0,7.0,11.0,2.0,2.0,116.0,4.0,0.0,4577.0,0.0,0.0,7.0,7.0,1.0,5.0,18.0,263.0,1175.0,167.0,8.0,15.0,1.0,0.0,20.0,14.0,3.0,0.0,0.0,0.0,9.0,0.0,3.0,0.0,42.0,2.0,0.0,0.0,0.0,0.0,5.0,4.0,0.0,49.0,10.0,0.0,0.0,0.0,0.0,9501.0,0.0,0.0
NAGALAND,8340,50976,2659,607.0,190,21,45662,185,38.0,27,1154.0,1987,7081.0,1587,21735,2287,1050,0.0,16.0,763,830,769,47.0,16.0,133.0,1.0,256,235.0,3215.0,255.0,1.0,16.0,987.0,170.0,122.0,50.0,57.0,10.0,191.0,0.0,51029,37.0,5.0,78.0,53731.0,86873.0,15.0,10.0,13521.0,140.0,10.0,759.0,10.0,2.0,54.0,9.0,3154.0,308.0,4.0,30.0,7518.0,8.0,3.0,0.0,26.0,0.0,0.0,0.0,0.0,0.0,0.0,3.0,38.0,1.0,50629.0,6127.0,59.0,5.0,0.0,7.0,0.0,92.0,9.0,1046.0,46.0,9866.0,20787.0,5724.0,1399.0,31.0,231.0,99.0,13707.0,1042.0,0.0,0.0,2.0,95.0,7602.0,17648.0,0.0,0.0,27.0,6.0,88.0,13274.0,114.0,2.0,0.0,0.0,6694.0,1.0,32399.0,44.0,0.0,48.0,13.0,3.0,395.0,10532.0,0.0,1.0,0.0,7.0
ODISHA,706,142922,14,148.0,12899,184,546623,679,54.0,135,2066.0,5322,175.0,4295,6651,5433964,17465,228.0,2211.0,4330,310699,297982,7.0,55.0,0.0,323.0,1080,5.0,13.0,15556.0,102.0,27.0,13.0,1.0,36616.0,7073.0,1.0,3388.0,20.0,40.0,17770,53543.0,12.0,0.0,3.0,0.0,105.0,431.0,0.0,3.0,0.0,226.0,742.0,1.0,0.0,23451.0,6.0,1.0,1.0,10717.0,0.0,16273.0,6.0,194.0,5.0,8.0,0.0,108.0,21161.0,133.0,0.0,2.0,0.0,0.0,8.0,0.0,0.0,1.0,14.0,1.0,1.0,2.0,0.0,0.0,1.0,1.0,0.0,0.0,3.0,8.0,5.0,0.0,0.0,0.0,0.0,184.0,96.0,5.0,0.0,1.0,914.0,0.0,0.0,0.0,0.0,0.0,0.0,0.0,1194.0,0.0,0.0,1582.0,0.0,0.0,1.0,0.0,0.0,767.0,0.0,0.0,0.0,0.0,104.0,0.0
PUDUCHERRY,74,1432,4,8.0,1408,4,5495,1710,30.0,97,14.0,47627,21.0,842,329,1440,115,7.0,94.0,711139,71827,8027,5.0,41.0,4.0,3.0,503,5.0,5.0,9.0,1.0,1.0,2.0,2.0,13.0,3.0,4.0,8.0,10.0,31.0,364,0.0,0.0,0.0,0.0,0.0,0.0,0.0,0.0,0.0,0.0,0.0,0.0,0.0,0.0,0.0,0.0,0.0,0.0,0.0,0.0,0.0,0.0,0.0,0.0,0.0,0.0,0.0,0.0,0.0,0.0,0.0,0.0,0.0,0.0,0.0,0.0,0.0,0.0,0.0,0.0,0.0,0.0,0.0,0.0,0.0,0.0,0.0,0.0,0.0,0.0,0.0,0.0,0.0,0.0,0.0,0.0,0.0,0.0,0.0,0.0,0.0,0.0,0.0,0.0,0.0,0.0,0.0,0.0,0.0,0.0,0.0,0.0,0.0,0.0,0.0,0.0,0.0,0.0,0.0,0.0,0.0,0.0,0.0
PUNJAB,3494,21520,213,11487.0,10577,1,1835736,3299,2320.0,133,6508.0,8790,831.0,18718,17373,8308,8383222,103.0,664.0,9056,8562,16672,28.0,313.0,16.0,8.0,1215,83.0,225.0,143.0,24399.0,2.0,466.0,1.0,132.0,107.0,240.0,5.0,176.0,4.0,2794,167.0,43.0,18.0,5.0,11.0,266.0,0.0,0.0,14.0,3.0,34.0,11.0,5.0,37.0,23.0,1.0,0.0,72.0,65.0,1.0,6.0,1.0,2.0,9.0,0.0,0.0,18.0,0.0,74.0,0.0,1.0,2.0,4.0,14.0,1.0,0.0,1.0,5.0,4.0,0.0,26.0,0.0,4.0,4.0,1.0,0.0,4.0,17.0,17.0,83.0,4.0,0.0,0.0,40.0,0.0,0.0,0.0,2.0,0.0,0.0,0.0,1.0,0.0,0.0,6.0,28.0,0.0,1.0,0.0,0.0,0.0,8.0,14.0,2.0,5.0,16.0,0.0,0.0,0.0,4.0,0.0,0.0,0.0
RAJASTHAN,1905,50235,80,3537.0,38454,3,15533566,4292,1792.0,115,9020.0,18008,873.0,16338,5787,11000,414071,914.0,233904.0,6489,5802,551177,191.0,498.0,4.0,0.0,4118,14.0,52.0,73.0,3768.0,1.0,151.0,1.0,1028.0,24.0,49.0,5.0,37.0,58.0,5364,102.0,124.0,7.0,3.0,5.0,123234.0,2.0,6.0,0.0,6.0,21.0,482.0,12.0,2.0,366.0,15.0,1.0,53.0,40.0,5.0,0.0,1.0,0.0,7.0,0.0,1.0,7.0,0.0,26.0,0.0,24.0,0.0,1.0,7.0,250.0,0.0,8.0,2.0,2.0,0.0,4.0,1.0,0.0,251.0,0.0,0.0,0.0,12.0,5.0,144.0,1.0,0.0,0.0,3.0,0.0,8.0,3.0,0.0,0.0,5.0,0.0,0.0,0.0,1.0,1.0,0.0,6.0,0.0,0.0,0.0,1.0,0.0,5.0,3.0,1.0,4.0,0.0,0.0,0.0,10.0,0.0,0.0,0.0
SIKKIM,298,4030,19,51.0,112,7,30648,90,19.0,19,244.0,370,211.0,552,90669,550,250,0.0,0.0,215,296,1404,2.0,9.0,12673.0,0.0,52,15.0,0.0,18.0,0.0,21.0,12.0,0.0,15.0,7.0,1.0,0.0,1069.0,0.0,926,30.0,0.0,0.0,4.0,1.0,0.0,0.0,0.0,0.0,0.0,3.0,28.0,0.0,0.0,0.0,7.0,8.0,0.0,4.0,0.0,0.0,0.0,0.0,0.0,0.0,0.0,0.0,0.0,10.0,0.0,0.0,3768.0,1533.0,0.0,4.0,0.0,0.0,0.0,1.0,25.0,4.0,0.0,0.0,7.0,0.0,0.0,1.0,9.0,13.0,5.0,0.0,0.0,0.0,2.0,0.0,472.0,1454.0,0.0,5.0,0.0,0.0,0.0,1333.0,0.0,0.0,1.0,0.0,0.0,0.0,0.0,0.0,0.0,0.0,0.0,0.0,0.0,0.0,0.0,0.0,0.0,0.0,0.0,0.0
TAMIL NADU,1920,20454,54,885.0,257161,1,344718,591530,413.0,5876,266.0,616912,568.0,66606,5912,13967,6171,743.0,8390.0,29657137,2260418,1021050,23.0,810.0,4.0,147.0,22216,24.0,32.0,455.0,17.0,40.0,110.0,0.0,121.0,37.0,29.0,51.0,234.0,2305.0,7934,109.0,14.0,1.0,24.0,5.0,830.0,1.0,5.0,49.0,3.0,6.0,249.0,5.0,5.0,11.0,2.0,1.0,11.0,15.0,3.0,3.0,3.0,5.0,6.0,10.0,12.0,6.0,4.0,9.0,29.0,16.0,7.0,1.0,9.0,9.0,2.0,1.0,7.0,23.0,76.0,12.0,5.0,15.0,1.0,2.0,4.0,33.0,14.0,26.0,20.0,6.0,4.0,11.0,0.0,0.0,0.0,0.0,0.0,0.0,0.0,0.0,0.0,0.0,0.0,0.0,0.0,0.0,0.0,0.0,0.0,0.0,0.0,0.0,0.0,0.0,0.0,0.0,0.0,0.0,0.0,0.0,0.0,0.0
TRIPURA,1088,882641,103,219.0,183,4,21198,196,26.0,4,114.0,573,6885.0,550,1826,2056,361,1.0,4.0,360,447,99,7.0,172.0,3.0,0.0,27,25.0,95.0,360.0,0.0,2.0,250.0,0.0,74.0,11.0,6.0,348.0,1.0,3.0,299,111.0,1.0,2.0,2.0,81.0,9.0,0.0,0.0,11.0,0.0,1203.0,14.0,1311.0,4.0,4.0,8.0,2.0,0.0,2.0,5.0,0.0,1.0,0.0,1.0,0.0,0.0,3.0,0.0,1.0,0.0,4.0,0.0,1.0,3.0,5.0,0.0,0.0,827.0,1.0,0.0,9.0,0.0,0.0,0.0,0.0,1.0,1.0,18.0,4.0,35452.0,2.0,0.0,0.0,1.0,0.0,0.0,0.0,0.0,0.0,4.0,0.0,1.0,0.0,4.0,0.0,1712.0,1.0,0.0,0.0,0.0,0.0,1.0,3.0,0.0,3.0,3.0,0.0,1.0,0.0,0.0,0.0,0.0,0.0
UTTAR PRADESH,7867,111618,178,2426.0,8734,4,38042721,5095,6003.0,305,16136.0,22169,961.0,21384,14800,17058,175977,1668.0,28007.0,13466,12962,5968862,33.0,2820.0,199.0,12.0,7194,46.0,143.0,702.0,539.0,1.0,180.0,0.0,223.0,78.0,27.0,13.0,57.0,72.0,2059,422.0,5.0,9.0,13.0,22.0,794.0,35.0,0.0,12.0,9.0,20.0,176.0,0.0,0.0,25.0,12.0,4.0,198.0,116.0,0.0,1.0,0.0,0.0,1.0,0.0,2.0,2.0,0.0,42.0,2.0,12.0,6.0,5.0,25.0,16.0,0.0,35.0,1.0,2.0,0.0,8.0,16.0,0.0,2.0,1.0,0.0,15.0,12.0,10.0,60.0,1.0,0.0,2.0,8.0,2.0,12.0,0.0,0.0,2.0,33.0,1.0,0.0,7.0,1.0,7.0,8.0,0.0,5.0,0.0,0.0,5.0,0.0,1.0,11.0,10.0,0.0,0.0,0.0,2.0,3.0,0.0,0.0,0.0
UTTARAKHAND,983,49054,30,1613.0,1939,20,2605427,908,749.0,66,4929.0,2167,331.0,4049,35064,2379,81921,246.0,960.0,1960,2233,238859,74.0,138.0,2958.0,8.0,934,10.0,1.0,504.0,69.0,8.0,53.0,2.0,39.0,47.0,37.0,1.0,5043.0,10.0,1511,105.0,69.0,71.0,25.0,45.0,56.0,0.0,2.0,0.0,6.0,19.0,1.0,1073.0,6.0,4.0,20.0,0.0,1.0,14.0,0.0,0.0,0.0,4.0,15.0,1.0,0.0,0.0,0.0,69.0,0.0,1.0,118.0,4.0,18.0,39.0,9.0,6.0,0.0,12.0,0.0,8.0,0.0,9.0,0.0,5.0,3.0,5.0,47.0,5.0,22.0,0.0,0.0,0.0,33.0,0.0,24.0,1.0,2.0,6.0,0.0,0.0,0.0,0.0,7.0,2.0,3.0,0.0,0.0,0.0,0.0,1.0,10.0,0.0,1.0,1.0,2.0,0.0,0.0,1.0,21.0,0.0,0.0,0.0
WEST BENGAL,3636,22510185,3200,865.0,37230,359,4328190,1288,260.0,451,21197.0,9253,1517.0,9895,340038,126306,52236,134.0,5257.0,13995,84426,1331754,10.0,1186.0,2420.0,1.0,13599,137.0,136.0,12223.0,8.0,3.0,412.0,0.0,2807.0,660.0,9.0,1330.0,6010.0,34.0,14063,145221.0,93.0,12.0,16.0,51.0,161.0,70.0,9.0,3.0,1.0,180.0,37.0,5.0,22.0,851.0,13.0,4.0,0.0,468.0,1.0,6.0,29.0,3988.0,3.0,14.0,0.0,1433.0,0.0,13.0,0.0,3.0,662.0,83.0,65.0,14.0,8.0,37.0,52.0,6.0,1.0,42.0,0.0,1.0,145.0,5.0,1.0,4.0,20.0,42.0,68.0,14.0,3.0,0.0,15.0,541.0,76.0,1307.0,3.0,2.0,0.0,0.0,4.0,645.0,0.0,5.0,25.0,0.0,4.0,4.0,3.0,0.0,9.0,7.0,1.0,6.0,3.0,0.0,0.0,4.0,0.0,0.0,0.0,0.0
