AREA_NAME,ASSAMESE_2011,BENGALI _2011,BODO _2011,DOGRI _2011,GUJARATI_2011,Others_2011,HINDI _2011,KANNADA_2011,KASHMIRI _2011,KONKANI_2011,MAITHILI _2011,MALAYALAM_2011,MANIPURI _2011,MARATHI _2011,NEPALI _2011,ODIA _2011,PUNJABI _2011,SANSKRIT _2011,SINDHI_2011,TAMIL _2011,TELUGU _2011,URDU_2011,ADI _2011,ARABIC/ARBI _2011,BHOTIA _2011,COORGI/KODAGU _2011,ENGLISH _2011,KHASI _2011,KUKI_2011,KURUKH/ORAON _2011,LAHNDA _2011,Others _2011,LUSHAI/MIZO _2011,MARAM_2011,MUNDA_2011,MUNDARI _2011,NISSI/DAFLA _2011,SAVARA_2011,TIBETAN _2011,TULU _2011,OTHERS_2011,SANTALI _2011,AFGHANI/KABULI/PASHTO _2011,ANAL _2011,ANGAMI _2011,AO _2011,BHILI/BHILODI _2011,BHUMIJ _2011,CHAKRU/CHOKRI _2011,DIMASA _2011,GANGTE _2011,GARO _2011,GONDI_2011,HALAM _2011,HMAR_2011,HO_2011,KABUI _2011,KARBI/MIKIR _2011,KHANDESHI_2011,KHARIA _2011,KHEZHA _2011,KISAN _2011,KOCH _2011,KODA/KORA _2011,KOM_2011,KONDA_2011,KORKU _2011,KORWA _2011,KUI _2011,LADAKHI _2011,LAHAULI _2011,LAKHER_2011,LEPCHA _2011,LIMBU _2011,LOTHA _2011,MAO_2011,MARING _2011,MISHMI _2011,MOGH _2011,MONPA _2011,NICOBARESE _2011,PAITE_2011,PARJI _2011,POCHURY_2011,RABHA _2011,RENGMA _2011,SANGTAM _2011,SEMA_2011,TANGKHUL _2011,THADO _2011,TRIPURI _2011,VAIPHEI _2011,ZELIANG _2011,ZEMI _2011,KINNAURI _2011,MALTO _2011,RAI _2011,TAMANG _2011,CHAKHESANG _2011,CHANG _2011,HALABI_2011,KOLAMI _2011,MIRI/MISHING_2011,SHERPA _2011,TANGSA_2011,YIMCHUNGRE_2011,BISHNUPURIYA_2011,DEORI _2011,GADABA _2011,JATAPU _2011,KHIEMNUNGAN_2011,KHOND/KONDH _2011,KONYAK _2011,NOCTE _2011,SHINA_2011,WANCHO_2011,ZOU _2011,KOYA _2011,LIANGMEI _2011,PHOM _2011,BALTI _2011,PAWI _2011,JUANG _2011,LALUNG _2011,TOTAL_2011,ASSAMESE_P_2011,BENGALI _P_2011,BODO _P_2011,DOGRI _P_2011,GUJARATI_P_2011,Others_P_2011,HINDI _P_2011,KANNADA_P_2011,KASHMIRI _P_2011,KONKANI_P_2011,MAITHILI _P_2011,MALAYALAM_P_2011,MANIPURI _P_2011,MARATHI _P_2011,NEPALI _P_2011,ODIA _P_2011,PUNJABI _P_2011,SANSKRIT _P_2011,SINDHI_P_2011,TAMIL _P_2011,TELUGU _P_2011,URDU_P_2011,ADI _P_2011,ARABIC/ARBI _P_2011,BHOTIA _P_2011,COORGI/KODAGU _P_2011,ENGLISH _P_2011,KHASI _P_2011,KUKI_P_2011,KURUKH/ORAON _P_2011,LAHNDA _P_2011,Others _P_2011,LUSHAI/MIZO _P_2011,MARAM_P_2011,MUNDA_P_2011,MUNDARI _P_2011,NISSI/DAFLA _P_2011,SAVARA_P_2011,TIBETAN _P_2011,TULU _P_2011,OTHERS_P_2011,SANTALI _P_2011,AFGHANI/KABULI/PASHTO _P_2011,ANAL _P_2011,ANGAMI _P_2011,AO _P_2011,BHILI/BHILODI _P_2011,BHUMIJ _P_2011,CHAKRU/CHOKRI _P_2011,DIMASA _P_2011,GANGTE _P_2011,GARO _P_2011,GONDI_P_2011,HALAM _P_2011,HMAR_P_2011,HO_P_2011,KABUI _P_2011,KARBI/MIKIR _P_2011,KHANDESHI_P_2011,KHARIA _P_2011,KHEZHA _P_2011,KISAN _P_2011,KOCH _P_2011,KODA/KORA _P_2011,KOM_P_2011,KONDA_P_2011,KORKU _P_2011,KORWA _P_2011,KUI _P_2011,LADAKHI _P_2011,LAHAULI _P_2011,LAKHER_P_2011,LEPCHA _P_2011,LIMBU _P_2011,LOTHA _P_2011,MAO_P_2011,MARING _P_2011,MISHMI _P_2011,MOGH _P_2011,MONPA _P_2011,NICOBARESE _P_2011,PAITE_P_2011,PARJI _P_2011,POCHURY_P_2011,RABHA _P_2011,RENGMA _P_2011,SANGTAM _P_2011,SEMA_P_2011,TANGKHUL _P_2011,THADO _P_2011,TRIPURI _P_2011,VAIPHEI _P_2011,ZELIANG _P_2011,ZEMI _P_2011,KINNAURI _P_2011,MALTO _P_2011,RAI _P_2011,TAMANG _P_2011,CHAKHESANG _P_2011,CHANG _P_2011,HALABI_P_2011,KOLAMI _P_2011,MIRI/MISHING_P_2011,SHERPA _P_2011,TANGSA_P_2011,YIMCHUNGRE_P_2011,BISHNUPURIYA_P_2011,DEORI _P_2011,GADABA _P_2011,JATAPU _P_2011,KHIEMNUNGAN_P_2011,KHOND/KONDH _P_2011,KONYAK _P_2011,NOCTE _P_2011,SHINA_P_2011,WANCHO_P_2011,ZOU _P_2011,KOYA _P_2011,LIANGMEI _P_2011,PHOM _P_2011,BALTI _P_2011,PAWI _P_2011,JUANG _P_2011,LALUNG _P_2011,ASSAMESE_1991,BENGALI_1991,GURJARATI_1991,HINDI_1991,KANNADA_1991,KASHMIRI_1991,KONKANI_1991,MALAYALAM_1991,MANIPURI_1991,MARATHI_1991,NEPALI_1991,ORIYA_1991,PUNJABI_1991,SANSKRIT_1991,SINDHI_1991,TAMIL_1991,TELUGU_1991,URDU_1991,TOTAL_1991,ASSAMESE_P_1991,BENGALI_P_1991,GURJARATI_P_1991,HINDI_P_1991,KANNADA_P_1991,KASHMIRI_P_1991,KONKANI_P_1991,MALAYALAM_P_1991,MANIPURI_P_1991,MARATHI_P_1991,NEPALI_P_1991,ORIYA_P_1991,PUNJABI_P_1991,SANSKRIT_P_1991,SINDHI_P_1991,TAMIL_P_1991,TELUGU_P_1991,URDU_P_1991
ANDHRA PRADESH,2199,36212,576,732.0,53598,5,864740,134192,549.0,2574,1185.0,52740,1115.0,240402,9066,97839,22512,434.0,11111.0,325660,21316887,4999581,45.0,726.0,69.0,53.0,10985,28.0,66.0,57.0,35.0,30.0,249.0,1.0,50.0,41.0,7.0,946.0,16.0,515.0,10711,194.0,14.0,2.0,17.0,29.0,4412.0,8.0,2.0,17.0,0.0,24.0,8938.0,6.0,16.0,12.0,29.0,0.0,3.0,67.0,6.0,0.0,10.0,3.0,3.0,1195.0,3.0,5.0,24.0,2.0,2.0,11.0,3.0,0.0,18.0,10.0,0.0,1.0,2.0,6.0,5.0,22.0,16.0,4.0,0.0,4.0,0.0,9.0,8.0,41.0,37.0,16.0,1.0,0.0,11.0,4.0,0.0,1.0,1.0,3.0,4.0,590.0,0.0,19.0,3.0,0.0,0.0,6.0,58.0,50.0,0.0,105.0,6.0,0.0,0.0,7.0,30.0,4406.0,7.0,3.0,0.0,0.0,0.0,0.0,28219110.0,7.792591616106957e-05,0.0012832438726806,2.0411699731139643e-05,2.5939868408323296e-05,0.0018993511843569,1.771848934994761e-07,0.0306437729609473,0.0047553590456963,1.9454901306242477e-05,9.121478317353028e-05,4.199281975937583e-05,0.0018689462566324,3.9512231250383165e-05,0.0085191205534122,0.0003212716488932,0.003467118559019,0.000797757264492,1.537964875575452e-05,0.0003937402703345,0.0115404064834078,0.7554060705670732,0.1771700454054008,1.5946640414952846e-06,2.572724653612393e-05,2.4451515302927698e-06,1.8781598710944464e-06,0.0003892752110183,9.92235403597066e-07,2.338840594193084e-06,2.0199077858940277e-06,1.2402942544963324e-06,1.0631093609968565e-06,8.823807696273908e-06,3.543697869989521e-08,1.7718489349947603e-06,1.4529161266957037e-06,2.480588508992665e-07,3.352338185010087e-05,5.669916591983234e-07,1.8250044030446037e-05,0.0003795654788545,6.874773867779671e-06,4.96117701798533e-07,7.087395739979044e-08,6.024286378982186e-07,1.0276723822969612e-06,0.0001563479500239,2.834958295991617e-07,7.087395739979044e-08,6.024286378982186e-07,0.0,8.504874887974851e-07,0.0003167357156196,2.126218721993713e-07,5.669916591983234e-07,4.252437443987426e-07,1.0276723822969612e-06,0.0,1.0631093609968565e-07,2.3742775728929792e-06,2.126218721993713e-07,0.0,3.5436978699895215e-07,1.0631093609968565e-07,1.0631093609968565e-07,4.234718954637478e-05,1.0631093609968565e-07,1.771848934994761e-07,8.504874887974851e-07,7.087395739979044e-08,7.087395739979044e-08,3.898067656988473e-07,1.0631093609968565e-07,0.0,6.378656165981139e-07,3.5436978699895215e-07,0.0,3.543697869989521e-08,7.087395739979044e-08,2.126218721993713e-07,1.771848934994761e-07,7.796135313976946e-07,5.669916591983234e-07,1.4174791479958085e-07,0.0,1.4174791479958085e-07,0.0,3.189328082990569e-07,2.834958295991617e-07,1.4529161266957037e-06,1.3111682118961228e-06,5.669916591983234e-07,3.543697869989521e-08,0.0,3.898067656988473e-07,1.4174791479958085e-07,0.0,3.543697869989521e-08,3.543697869989521e-08,1.0631093609968565e-07,1.4174791479958085e-07,2.0907817432938177e-05,0.0,6.73302595298009e-07,1.0631093609968565e-07,0.0,0.0,2.126218721993713e-07,2.0553447645939224e-06,1.7718489349947603e-06,0.0,3.720882763488997e-06,2.126218721993713e-07,0.0,0.0,2.480588508992665e-07,1.0631093609968565e-06,0.0001561353281517,2.480588508992665e-07,1.0631093609968565e-07,0.0,0.0,0.0,0.0,1302.0,30281.0,43844.0,1841290.0,519507.0,612.0,3794.0,66409.0,221.0,503609.0,6634.0,259947.0,24773.0,199.0,12919.0,753484.0,56375755.0,5560154.0,66004734.0,1.972585784528728e-05,0.0004587701239732,0.0006642553850758,0.0278963324054907,0.0078707536341256,9.272062212992176e-06,5.748072554917046e-05,0.0010061248031088,3.348244688024953e-06,0.0076298921225862,0.0001005079423545,0.0039383084249684,0.0003753215640562,3.0149352620677177e-06,0.0001957283851791,0.01141560543218,0.8541168425888968,0.0842387153624465
ARUNACHAL PRADESH,18786,33905,2037,428.0,98,757,47495,219,68.0,29,1804.0,2460,1704.0,789,30183,2102,1962,4.0,10.0,432,707,679,47265.0,2.0,7504.0,0.0,39,107.0,83.0,269.0,2.0,3.0,433.0,8.0,249.0,84.0,76303.0,142.0,948.0,1.0,9566,111.0,0.0,4.0,19.0,224.0,4.0,0.0,2.0,8.0,3.0,386.0,2.0,1.0,7.0,6.0,22.0,168.0,0.0,43.0,0.0,0.0,7.0,0.0,0.0,0.0,7.0,0.0,1.0,11.0,0.0,7.0,8.0,52.0,16.0,60.0,1.0,4973.0,8.0,3432.0,1.0,33.0,1.0,0.0,32.0,28.0,0.0,20.0,35.0,24.0,55.0,4.0,1.0,1.0,3.0,0.0,102.0,361.0,2.0,1.0,1.0,0.0,2530.0,80.0,3425.0,4.0,29.0,446.0,0.0,0.0,8.0,0.0,1.0,6167.0,0.0,5465.0,0.0,0.0,1.0,7.0,1.0,0.0,0.0,1.0,318129.0,0.0590515168375093,0.106576263088244,0.0064030629084428,0.00134536618793,0.0003080511364886,0.0023795378604276,0.149294782933967,0.0006883999886838,0.0002137497681758,9.11579893690924e-05,0.0056706556145463,0.007732712201654,0.0053563177201701,0.002480125986628,0.0948766066595626,0.0066073825397873,0.0061673094876606,1.2573515775047227e-05,3.1433789437618075e-05,0.0013579397037051,0.0022223689132395,0.0021343543028142,0.1485718057769018,6.286757887523615e-06,0.0235879155939886,0.0,0.0001225917788067,0.0003363415469825,0.0002609004523322,0.0008455689358719,6.286757887523615e-06,9.430136831285422e-06,0.0013610830826488,2.5147031550094455e-05,0.0007827013569966,0.0002640438312759,0.2398492435458571,0.0004463598100141,0.0029799232386861,3.1433789437618072e-06,0.0300695629760254,0.0003489150627575,0.0,1.2573515775047227e-05,5.9724199931474336e-05,0.0007041168834026,1.2573515775047227e-05,0.0,6.286757887523615e-06,2.5147031550094455e-05,9.430136831285422e-06,0.001213344272292,6.286757887523615e-06,3.1433789437618072e-06,2.200365260633265e-05,1.8860273662570844e-05,6.915433676275976e-05,0.0005280876625519,0.0,0.0001351652945817,0.0,0.0,2.200365260633265e-05,0.0,0.0,0.0,2.200365260633265e-05,0.0,3.1433789437618072e-06,3.457716838137988e-05,0.0,2.200365260633265e-05,2.5147031550094455e-05,0.0001634557050756,5.029406310018892e-05,0.0001886027366257,3.1433789437618072e-06,0.0156320234873274,2.5147031550094455e-05,0.0107880765349905,3.1433789437618072e-06,0.0001037315051441,3.1433789437618072e-06,0.0,0.0001005881262003,8.80146104253306e-05,0.0,6.286757887523615e-05,0.0001100182630316,7.544109465028338e-05,0.0001728858419068,1.2573515775047227e-05,3.1433789437618072e-06,3.1433789437618072e-06,9.430136831285422e-06,0.0,0.0003206246522637,0.001134759798698,6.286757887523615e-06,3.1433789437618072e-06,3.1433789437618072e-06,0.0,0.0079527487277173,0.0002514703155009,0.0107660728823841,1.2573515775047227e-05,9.11579893690924e-05,0.0014019470089177,0.0,0.0,2.5147031550094455e-05,0.0,3.1433789437618072e-06,0.019385217946179,0.0,0.0171785659276582,0.0,0.0,3.1433789437618072e-06,2.200365260633265e-05,3.1433789437618072e-06,0.0,0.0,3.1433789437618072e-06,48222.0,70771.0,140.0,63196.0,182.0,46.0,74.0,5046.0,1137.0,548.0,81176.0,9211.0,2061.0,6.0,25.0,887.0,1333.0,1370.0,285431.0,0.168944508480158,0.247944336809947,0.0004904863171834,0.2214055235766262,0.0006376322123385,0.0001611597899317,0.0002592570533684,0.0176785282607705,0.0039834495902687,0.0019199035844039,0.2843979805977626,0.0322704961969793,0.0072206592836797,2.1020842165006604e-05,8.758684235419418e-05,0.0031075811667268,0.0046701304343256,0.0047997589610098
ASSAM,2055522,1461903,50131,401.0,1101,41,546789,631,72.0,71,4682.0,1923,27711.0,2091,69494,9144,13281,50.0,326.0,1478,14810,3146,173.0,310.0,27.0,3.0,612,1400.0,4109.0,1593.0,2.0,23.0,1722.0,0.0,664.0,229.0,95.0,395.0,87.0,26.0,12335,2238.0,41.0,13.0,48.0,503.0,534.0,8.0,3.0,14007.0,36.0,6048.0,28.0,206.0,6655.0,7.0,1305.0,46509.0,0.0,299.0,5.0,0.0,358.0,0.0,2.0,0.0,0.0,18.0,0.0,1.0,4.0,7.0,3.0,0.0,32.0,54.0,0.0,152.0,31.0,19.0,0.0,229.0,7.0,0.0,3091.0,370.0,5.0,43.0,100.0,295.0,340.0,175.0,13.0,3520.0,0.0,111.0,25.0,51.0,7.0,0.0,0.0,0.0,11180.0,0.0,88.0,12.0,8236.0,1573.0,0.0,0.0,1.0,0.0,0.0,46.0,1.0,12.0,17.0,0.0,6.0,0.0,1.0,1.0,0.0,1273.0,4398606.0,0.4673121438928606,0.3323559782349226,0.0113970198740237,9.116524644398704e-05,0.000250306574401,9.321134923200668e-06,0.124309610817609,0.0001434545399156,1.636882230415727e-05,1.6141477549932866e-05,0.0010644281392786,0.0004371839623735,0.0062999504843125,0.0004753778810832,0.0157990963500709,0.0020788404326279,0.0030193656808543,1.1367237711220328e-05,7.411438987715654e-05,0.0003360155467436,0.0033669758100634,0.0007152265967899,3.933064248082233e-05,7.047687380956603e-05,6.138308364058977e-06,6.820342626732196e-07,0.0001391349895853,0.0003182826559141,0.000934159595108,0.0003621601934794,4.546895084488131e-07,5.22892934716135e-06,0.0003914876667744,0.0,0.000150956916805,5.20619487173891e-05,2.1597751651318623e-05,8.980117791864058e-05,1.977899361752337e-05,5.91096360983457e-06,0.002804297543358,0.0005087975599542,9.321134923200668e-06,2.955481804917285e-06,1.0912548202771514e-05,0.0001143544113748,0.0001214020987558,1.8187580337952523e-06,6.820342626732196e-07,0.0031844179724212,8.184411152078636e-06,0.0013749810735492,6.365653118283384e-06,4.683301937022775e-05,0.0015129793393634,1.591413279570846e-06,0.0002966849042628,0.0105735771742229,0.0,6.797608151309756e-05,1.1367237711220329e-06,0.0,8.138942201233754e-05,0.0,4.546895084488131e-07,0.0,0.0,4.092205576039318e-06,0.0,2.2734475422440654e-07,9.093790168976262e-07,1.591413279570846e-06,6.820342626732196e-07,0.0,7.275032135181009e-06,1.2276616728117954e-05,0.0,3.45564026421098e-05,7.047687380956603e-06,4.319550330263725e-06,0.0,5.20619487173891e-05,1.591413279570846e-06,0.0,0.0007027226353076,8.411755906303043e-05,1.1367237711220329e-06,9.775824431649482e-06,2.2734475422440656e-05,6.706670249619994e-05,7.729721643629822e-05,3.978533198927115e-05,2.955481804917285e-06,0.0008002535348699,0.0,2.523526771890913e-05,5.683618855610164e-06,1.1594582465444736e-05,1.591413279570846e-06,0.0,0.0,0.0,0.0025417143522288,0.0,2.0006338371747777e-05,2.7281370506928786e-06,0.0018724113957922,0.0003576132983949,0.0,0.0,2.2734475422440654e-07,0.0,0.0,1.04578586943227e-05,2.2734475422440654e-07,2.7281370506928786e-06,3.864860821814911e-06,0.0,1.3640685253464393e-06,0.0,2.2734475422440654e-07,2.2734475422440654e-07,0.0,0.0002894098721276,12958088.0,4856532.0,5484.0,1035474.0,565.0,88.0,609.0,3575.0,126987.0,1533.0,432519.0,140782.0,14289.0,7.0,852.0,1770.0,22816.0,3935.0,19605905.0,0.6609278174101119,0.2477076166593687,0.0002797116480978,0.0528143944388183,2.8817848500235007e-05,4.488443660213593e-06,3.1062070330341806e-05,0.0001823430236961,0.0064769772168129,7.819072876258453e-05,0.0220606495849082,0.007180591765593,0.0007288110393271,3.570352911533541e-07,4.345629543752252e-05,9.027892362020524e-05,0.0011637310289935,0.0002007048386697
BIHAR,640,76713,7,104.0,1586,1,9316604,199,230.0,17,667058.0,1018,81.0,811,1887,1074,7534,347.0,1186.0,586,762,1647924,21.0,3093.0,9.0,87.0,2154,0.0,3.0,10101.0,0.0,25.0,28.0,0.0,140.0,483.0,8.0,0.0,17.0,25.0,3661,11178.0,0.0,0.0,1.0,0.0,12.0,6.0,0.0,0.0,0.0,0.0,16.0,2.0,0.0,231.0,0.0,0.0,2.0,64.0,1.0,0.0,1.0,76.0,0.0,3.0,0.0,13.0,0.0,0.0,14.0,2.0,0.0,0.0,1.0,3.0,0.0,0.0,1.0,0.0,0.0,1.0,0.0,0.0,1.0,0.0,0.0,0.0,2.0,0.0,4.0,0.0,0.0,0.0,1.0,86.0,0.0,0.0,0.0,82.0,1.0,0.0,2.0,0.0,0.0,0.0,0.0,0.0,0.0,5.0,0.0,6.0,0.0,0.0,0.0,0.0,0.0,0.0,0.0,0.0,0.0,0.0,0.0,0.0,11758042.0,5.4430831255748194e-05,0.0065243005595659,5.953372168597459e-07,8.845010079059082e-06,0.0001348864037056,8.504817383710657e-08,0.7923601565634822,1.6924586593584205e-05,1.9561079982534503e-05,1.4458189552308114e-06,0.0567320647434326,8.657904096617448e-05,6.888902080805631e-06,6.897406898189342e-05,0.0001604859040306,9.134173870105244e-05,0.0006407529416887,2.951171632147597e-05,0.0001008671341708,4.983822986854444e-05,6.480670846387519e-05,0.1401529268223399,1.7860116505792376e-06,0.0002630540016781,7.65433564533959e-07,7.39919112382827e-06,0.0001831937664451,0.0,2.551445215113197e-07,0.0008590716039286,0.0,2.126204345927664e-06,2.381348867438984e-06,0.0,1.1906744337194917e-05,4.107826796332247e-05,6.803853906968524e-07,0.0,1.4458189552308114e-06,2.126204345927664e-06,0.0003113613644176,0.0009506684871511,0.0,0.0,8.504817383710657e-08,0.0,1.0205780860452787e-06,5.102890430226394e-07,0.0,0.0,0.0,0.0,1.3607707813937049e-06,1.700963476742131e-07,0.0,1.964612815637161e-05,0.0,0.0,1.700963476742131e-07,5.44308312557482e-06,8.504817383710657e-08,0.0,8.504817383710657e-08,6.463661211620098e-06,0.0,2.551445215113197e-07,0.0,1.1056262598823853e-06,0.0,0.0,1.1906744337194918e-06,1.700963476742131e-07,0.0,0.0,8.504817383710657e-08,2.551445215113197e-07,0.0,0.0,8.504817383710657e-08,0.0,0.0,8.504817383710657e-08,0.0,0.0,8.504817383710657e-08,0.0,0.0,0.0,1.700963476742131e-07,0.0,3.401926953484262e-07,0.0,0.0,0.0,8.504817383710657e-08,7.314142949991164e-06,0.0,0.0,0.0,6.973950254642737e-06,8.504817383710657e-08,0.0,1.700963476742131e-07,0.0,0.0,0.0,0.0,0.0,0.0,4.252408691855328e-07,0.0,5.102890430226394e-07,0.0,0.0,0.0,0.0,0.0,0.0,0.0,0.0,0.0,0.0,0.0,0.0,564.0,2523040.0,21589.0,69845979.0,934.0,191.0,348.0,15157.0,0.0,7745.0,21122.0,404443.0,84956.0,802.0,4766.0,16304.0,33008.0,8542463.0,81523411.0,6.9182581185176365e-06,0.0309486559633771,0.0002648196356749,0.8567597717421318,1.1456831706906869e-05,2.342885284817143e-06,4.268712456106627e-06,0.0001859220537276,0.0,9.500338497857996e-05,0.0002590912198215,0.0049610657238078,0.0010421055615545,9.837664913211247e-06,5.846173438449478e-05,0.0001999916318516,0.0004048898297447,0.1047853971664654
DAMAN & DIU,1048,4847,21,2.0,71551,2,82601,413,3.0,142,978.0,1124,12.0,10192,1195,3958,218,2.0,365.0,308,452,928,2.0,15.0,0.0,2.0,173,0.0,0.0,21.0,0.0,2.0,0.0,0.0,3.0,5.0,0.0,0.0,0.0,24.0,1675,81.0,0.0,0.0,0.0,0.0,453.0,0.0,0.0,0.0,0.0,0.0,0.0,0.0,0.0,0.0,0.0,0.0,9.0,6.0,3.0,0.0,0.0,0.0,4.0,2.0,0.0,0.0,0.0,0.0,0.0,0.0,0.0,0.0,0.0,0.0,0.0,0.0,0.0,0.0,0.0,0.0,0.0,1.0,7.0,0.0,0.0,0.0,0.0,0.0,5.0,0.0,0.0,0.0,0.0,0.0,0.0,0.0,0.0,0.0,0.0,0.0,0.0,0.0,0.0,0.0,0.0,0.0,0.0,0.0,0.0,0.0,0.0,0.0,0.0,0.0,0.0,0.0,0.0,0.0,0.0,0.0,0.0,0.0,182855.0,0.005731317163873,0.0265073418829126,0.0001148450958409,1.093762817533018e-05,0.3912991167865248,1.093762817533018e-05,0.4517295124552241,0.0022586202182056,1.640644226299527e-05,0.0007765716004484,0.0053485001777364,0.0061469470345355,6.562576905198108e-05,0.0557381531814826,0.0065352328347597,0.0216455661589784,0.0011922014711109,1.093762817533018e-05,0.0019961171419977,0.0016843947390008,0.0024719039676246,0.0050750594733532,1.093762817533018e-05,8.203221131497634e-05,0.0,1.093762817533018e-05,0.000946104837166,0.0,0.0,0.0001148450958409,0.0,1.093762817533018e-05,0.0,0.0,1.640644226299527e-05,2.7344070438325448e-05,0.0,0.0,0.0,0.0001312515381039,0.009160263596839,0.0004429739411008,0.0,0.0,0.0,0.0,0.0024773727817122,0.0,0.0,0.0,0.0,0.0,0.0,0.0,0.0,0.0,0.0,0.0,4.921932678898581e-05,3.281288452599054e-05,1.640644226299527e-05,0.0,0.0,0.0,2.187525635066036e-05,1.093762817533018e-05,0.0,0.0,0.0,0.0,0.0,0.0,0.0,0.0,0.0,0.0,0.0,0.0,0.0,0.0,0.0,0.0,0.0,5.4688140876650894e-06,3.828169861365563e-05,0.0,0.0,0.0,0.0,0.0,2.7344070438325448e-05,0.0,0.0,0.0,0.0,0.0,0.0,0.0,0.0,0.0,0.0,0.0,0.0,0.0,0.0,0.0,0.0,0.0,0.0,0.0,0.0,0.0,0.0,0.0,0.0,0.0,0.0,0.0,0.0,0.0,0.0,0.0,0.0,0.0,1.0,134.0,92579.0,3645.0,167.0,0.0,158.0,283.0,0.0,1256.0,81.0,46.0,134.0,0.0,80.0,100.0,95.0,84.0,98843.0,1.0117054318464636e-05,0.0013556852786742,0.9366267717491376,0.0368766629908035,0.0016895480711835,0.0,0.0015984945823174,0.0028631263721254,0.0,0.0127070202239915,0.0008194813997956,0.0004653844986493,0.0013556852786742,0.0,0.0008093643454771,0.0010117054318464,0.0009611201602541,0.000849832562751
GOA,770,5816,27,105.0,5976,3,123091,53972,281.0,546538,224.0,11205,243.0,87079,1982,4214,1641,670.0,571.0,5663,8793,36079,3.0,64.0,2.0,56.0,7655,13.0,1.0,83.0,62.0,7.0,31.0,0.0,17.0,63.0,2.0,8.0,51.0,785.0,1497,46.0,14.0,4.0,2.0,5.0,699.0,0.0,0.0,2.0,0.0,7.0,144.0,0.0,0.0,0.0,2.0,1.0,8.0,34.0,0.0,0.0,1.0,0.0,109.0,0.0,231.0,5.0,1.0,4.0,0.0,0.0,1.0,1.0,1.0,3.0,0.0,1.0,0.0,0.0,0.0,0.0,1.0,0.0,0.0,1.0,0.0,4.0,4.0,0.0,1.0,0.0,1.0,0.0,2.0,0.0,0.0,2.0,2.0,1.0,23.0,106.0,2.0,1.0,3.0,1.0,0.0,0.0,0.0,0.0,0.0,0.0,0.0,0.0,0.0,0.0,0.0,0.0,0.0,0.0,0.0,0.0,0.0,0.0,906824.0,0.0008491173590465,0.0064135929353435,2.977424505747532e-05,0.000115788730779,0.0065900329060545,3.308249450830591e-06,0.1357385777173961,0.0595176131200762,0.0003098726985611,0.6026946794526832,0.0002470159589953,0.0123563116988522,0.0002679682055172,0.0960263513096256,0.002185650137182,0.0046469877286,0.0018096124496043,0.0007388423773521,0.0006296701454747,0.0062448722133512,0.0096964791403844,0.0397861106455056,3.308249450830591e-06,7.057598828438595e-05,2.205499633887061e-06,6.17539897488377e-05,0.0084415498487027,1.4335747620265896e-05,1.1027498169435305e-06,9.152823480631302e-05,6.837048865049889e-05,7.719248718604713e-06,3.4185244325249443e-05,0.0,1.874674688804001e-05,6.947323846744241e-05,2.205499633887061e-06,8.821998535548244e-06,5.624024066412005e-05,0.0008656586063006,0.0016508164759644,5.07264915794024e-05,1.5438497437209425e-05,4.410999267774122e-06,2.205499633887061e-06,5.513749084717652e-06,0.0007708221220435,0.0,0.0,2.205499633887061e-06,0.0,7.719248718604713e-06,0.0001587959736398,0.0,0.0,0.0,2.205499633887061e-06,1.1027498169435305e-06,8.821998535548244e-06,3.749349377608003e-05,0.0,0.0,1.1027498169435305e-06,0.0,0.0001201997300468,0.0,0.0002547352077139,5.513749084717652e-06,1.1027498169435305e-06,4.410999267774122e-06,0.0,0.0,1.1027498169435305e-06,1.1027498169435305e-06,1.1027498169435305e-06,3.308249450830591e-06,0.0,1.1027498169435305e-06,0.0,0.0,0.0,0.0,1.1027498169435305e-06,0.0,0.0,1.1027498169435305e-06,0.0,4.410999267774122e-06,4.410999267774122e-06,0.0,1.1027498169435305e-06,0.0,1.1027498169435305e-06,0.0,2.205499633887061e-06,0.0,0.0,2.205499633887061e-06,2.205499633887061e-06,1.1027498169435305e-06,2.53632457897012e-05,0.000116891480596,2.205499633887061e-06,1.1027498169435305e-06,3.308249450830591e-06,1.1027498169435305e-06,0.0,0.0,0.0,0.0,0.0,0.0,0.0,0.0,0.0,0.0,0.0,0.0,0.0,0.0,0.0,0.0,0.0,0.0,145.0,1839.0,4461.0,37073.0,54323.0,212.0,602626.0,12962.0,36.0,390270.0,960.0,683.0,1830.0,8.0,372.0,6818.0,7949.0,39944.0,1162511.0,0.0001247300025548,0.0015819205151607,0.0038373830441174,0.0318904509290664,0.0467290201985185,0.0001823638658042,0.5183830518592942,0.0111500020214862,3.096744891016085e-05,0.3357129523935687,0.0008257986376042,0.0005875213223788,0.0015741786529331,6.881655313369078e-06,0.0003199969720716,0.0058648907408187,0.0068377847607463,0.0343601049796518
GUJARAT,2935,70192,81,1915.0,19498567,2,3755547,16102,1052.0,1684,9505.0,61033,352.0,857802,22056,170147,55391,680.0,591794.0,37593,69590,460511,36.0,276.0,1.0,14.0,3890,13.0,13.0,94.0,3662.0,249.0,32.0,1.0,16.0,82.0,65.0,1.0,17.0,993.0,9165,268.0,78.0,3.0,14.0,2.0,27023.0,3.0,0.0,2.0,1.0,11.0,376.0,1.0,2.0,30.0,0.0,1.0,12758.0,59.0,6.0,0.0,0.0,15.0,0.0,7.0,0.0,8.0,0.0,10.0,0.0,1.0,1.0,0.0,4.0,65.0,0.0,5.0,1.0,0.0,4.0,2.0,34.0,3.0,102.0,0.0,0.0,0.0,0.0,3.0,144.0,0.0,0.0,4.0,5.0,1.0,0.0,3.0,0.0,0.0,1051.0,0.0,10.0,0.0,1.0,0.0,14.0,0.0,0.0,0.0,0.0,2.0,0.0,0.0,1.0,0.0,5.0,23.0,16.0,0.0,0.0,0.0,0.0,0.0,25745334.0,0.0001140012399916,0.0027263969463359,3.146201171831758e-06,7.438241042046687e-05,0.7573631400548154,7.768397955140144e-08,0.1458729181761635,0.0006254337193683,4.086177324403715e-05,6.540991078228001e-05,0.000369193112818,0.0023706431619803,1.3672380401046651e-05,0.0333187365135756,0.0008566989264928,0.0066088480343661,0.0021514966556658,2.6412553047476488e-05,0.022986456497321,0.0014601869216379,0.002703014068491,0.0178871635535977,1.3983116319252257e-06,1.0720389178093397e-05,3.884198977570072e-08,5.4378785685981e-07,0.0001510953402274,5.049458670841093e-07,5.049458670841093e-07,3.6511470389158673e-06,0.0001422393665586,9.67165545414948e-06,1.2429436728224228e-06,3.884198977570072e-08,6.214718364112114e-07,3.1850431616074588e-06,2.5247293354205463e-06,3.884198977570072e-08,6.603138261869121e-07,3.857009584727081e-05,0.0003559868362942,1.0409653259887792e-05,3.029675202504656e-06,1.1652596932710216e-07,5.4378785685981e-07,7.768397955140144e-08,0.0010496270897087,1.1652596932710216e-07,0.0,7.768397955140144e-08,3.884198977570072e-08,4.2726188753270796e-07,1.460458815566347e-05,3.884198977570072e-08,7.768397955140144e-08,1.1652596932710214e-06,0.0,3.884198977570072e-08,0.0004955461055583,2.2916773967663422e-06,2.330519386542043e-07,0.0,0.0,5.826298466355107e-07,0.0,2.71893928429905e-07,0.0,3.107359182056057e-07,0.0,3.8841989775700725e-07,0.0,3.884198977570072e-08,3.884198977570072e-08,0.0,1.5536795910280288e-07,2.5247293354205463e-06,0.0,1.9420994887850362e-07,3.884198977570072e-08,0.0,1.5536795910280288e-07,7.768397955140144e-08,1.3206276523738245e-06,1.1652596932710216e-07,3.961882957121473e-06,0.0,0.0,0.0,0.0,1.1652596932710216e-07,5.593246527700903e-06,0.0,0.0,1.5536795910280288e-07,1.9420994887850362e-07,3.884198977570072e-08,0.0,1.1652596932710216e-07,0.0,0.0,4.082293125426145e-05,0.0,3.8841989775700725e-07,0.0,3.884198977570072e-08,0.0,5.4378785685981e-07,0.0,0.0,0.0,0.0,7.768397955140144e-08,0.0,0.0,3.884198977570072e-08,0.0,1.9420994887850362e-07,8.933657648411164e-07,6.214718364112114e-07,0.0,0.0,0.0,0.0,0.0,789.0,20809.0,37792933.0,1215825.0,13513.0,379.0,40820.0,57701.0,125.0,566191.0,9126.0,38277.0,43669.0,81.0,704088.0,34498.0,49109.0,547737.0,41135670.0,1.9180433915382926e-05,0.0005058626734413,0.9187387248098792,0.0295564652283529,0.0003284983567789,9.21341502399256e-06,0.0009923261247476,0.001402699895249,3.038725271765356e-06,0.0137639912027687,0.000221851254641,0.0009305062978189,0.0010615847511417,1.9690939761039505e-06,0.0171162399931738,0.0008386395554028,0.0011938300749689,0.0133153781134475
HARYANA,2538,56709,56,1749.0,6340,3,7875502,2873,5946.0,393,18118.0,13257,461.0,10677,13697,11727,735073,405.0,1624.0,11343,8522,46283,125.0,390.0,42.0,16.0,3031,18.0,14.0,475.0,9414.0,7.0,83.0,0.0,858.0,89.0,49.0,25.0,230.0,57.0,1993,75.0,214.0,0.0,7.0,0.0,291.0,1.0,0.0,4.0,1.0,8.0,37.0,3.0,5.0,22.0,6.0,1.0,50.0,105.0,5.0,1.0,0.0,4.0,0.0,0.0,0.0,8.0,0.0,892.0,7.0,1.0,4.0,0.0,3.0,0.0,0.0,0.0,13.0,1.0,0.0,4.0,0.0,0.0,1.0,3.0,0.0,1.0,14.0,12.0,19.0,1.0,0.0,0.0,19.0,0.0,0.0,6.0,0.0,0.0,0.0,0.0,1.0,2.0,3.0,1.0,6.0,0.0,4.0,0.0,0.0,0.0,2.0,1.0,7.0,2.0,3.0,0.0,0.0,0.0,20.0,0.0,0.0,0.0,8842113.0,0.0002870354631296,0.0064135122453196,6.333327791671516e-06,0.0001978033983505,0.0007170231821285,3.3928541741097405e-07,0.8906809944636537,0.0003249223347405,0.0006724636973085,4.44463896808376e-05,0.002049057730884,0.001499302259539,5.213685914215301e-05,0.0012075168005656,0.0015490641207593,0.0013262666966594,0.0831331832108456,4.58035313504815e-05,0.0001836665059584,0.0012828381632308,0.0009637967757254,0.0052343823246773,1.4136892392123918e-05,4.4107104263426624e-05,4.749995843753637e-06,1.8095222261918616e-06,0.0003427913667242,2.0357125044658443e-06,1.5833319479178789e-06,5.372019109007089e-05,0.0010646776398356,7.916659739589394e-07,9.386896548370284e-06,0.0,9.703562937953858e-05,1.006546738319223e-05,5.541661817712576e-06,2.827378478424784e-06,2.601188200150801e-05,6.446422930808507e-06,0.0002253986123,8.482135435274352e-06,2.420235977531615e-05,0.0,7.916659739589394e-07,0.0,3.2910685488864485e-05,1.1309513913699138e-07,0.0,4.523805565479654e-07,1.1309513913699138e-07,9.047611130959308e-07,4.18452014806868e-06,3.3928541741097405e-07,5.654756956849567e-07,2.4880930610138097e-06,6.785708348219481e-07,1.1309513913699138e-07,5.654756956849568e-06,1.1874989609384092e-05,5.654756956849567e-07,1.1309513913699138e-07,0.0,4.523805565479654e-07,0.0,0.0,0.0,9.047611130959308e-07,0.0,0.0001008808641101,7.916659739589394e-07,1.1309513913699138e-07,4.523805565479654e-07,0.0,3.3928541741097405e-07,0.0,0.0,0.0,1.4702368087808875e-06,1.1309513913699138e-07,0.0,4.523805565479654e-07,0.0,0.0,1.1309513913699138e-07,3.3928541741097405e-07,0.0,1.1309513913699138e-07,1.5833319479178789e-06,1.3571416696438962e-06,2.148807643602836e-06,1.1309513913699138e-07,0.0,0.0,2.148807643602836e-06,0.0,0.0,6.785708348219481e-07,0.0,0.0,0.0,0.0,1.1309513913699138e-07,2.261902782739827e-07,3.3928541741097405e-07,1.1309513913699138e-07,6.785708348219481e-07,0.0,4.523805565479654e-07,0.0,0.0,0.0,2.261902782739827e-07,1.1309513913699138e-07,7.916659739589394e-07,2.261902782739827e-07,3.3928541741097405e-07,0.0,0.0,0.0,2.261902782739827e-06,0.0,0.0,0.0,348.0,9995.0,2266.0,14982409.0,936.0,923.0,148.0,8038.0,75.0,3088.0,5823.0,2634.0,1170225.0,575.0,369.0,5202.0,2402.0,261820.0,16457276.0,2.1145662259051863e-05,0.0006073301559747,0.000137689858273,0.9103820705200544,5.687453986917397e-05,5.608461570432434e-05,8.992982799826653e-06,0.0004884161874662,4.557254797209453e-06,0.0001876373708504,0.0003538252624553,0.0001600507884779,0.0711068466008591,3.493895344527247e-05,2.242169360227051e-05,0.0003160911927344,0.0001459536803052,0.0159090726800717
HIMACHAL PRADESH,341,2131,113,1756.0,804,24,569425,185,2672.0,34,1610.0,625,92.0,1228,13137,1526,69424,79.0,20.0,452,569,1575,52.0,29.0,294.0,1.0,316,12.0,72.0,449.0,67.0,4.0,166.0,0.0,57.0,53.0,5.0,0.0,11550.0,14.0,809,37.0,170.0,14.0,4.0,28.0,20.0,0.0,0.0,0.0,2.0,12.0,1.0,0.0,0.0,1.0,4.0,0.0,14.0,3.0,5.0,0.0,0.0,0.0,1.0,1.0,106.0,8.0,0.0,109.0,3182.0,9.0,1.0,0.0,12.0,11.0,0.0,0.0,4.0,3.0,0.0,1.0,0.0,0.0,0.0,2.0,0.0,3.0,4.0,1.0,10.0,0.0,0.0,0.0,2939.0,0.0,0.0,5.0,1.0,0.0,0.0,0.0,2.0,21.0,0.0,0.0,15.0,0.0,0.0,0.0,0.0,0.0,3.0,0.0,31.0,0.0,4.0,0.0,0.0,0.0,4.0,0.0,0.0,0.0,688580.0,0.0004952220511777,0.0030947747538412,0.0001641058410061,0.0025501757239536,0.001167620320079,3.485433791280606e-05,0.8269554735833163,0.0002686688547445,0.003880449620959,4.9376978709808594e-05,0.0023381451683174,0.0009076650498126,0.0001336082953324,0.0017833802898719,0.0190783932150222,0.0022161549856225,0.1008219814691103,0.0001147288622963,2.9045281594005052e-05,0.0006564233640245,0.0008263382613494,0.0022873159255278,7.551773214441315e-05,4.211565831130733e-05,0.0004269656394318,1.4522640797002526e-06,0.0004589154491852,1.742716895640303e-05,0.0001045630137384,0.0006520665717854,9.730169333991692e-05,5.80905631880101e-06,0.0002410758372302,0.0,8.27790525429144e-05,7.696999622411339e-05,7.261320398501264e-06,0.0,0.0167736501205379,2.0331697115803535e-05,0.0011748816404775,5.373377094890935e-05,0.000246884893549,2.0331697115803535e-05,5.80905631880101e-06,4.066339423160708e-05,2.9045281594005052e-05,0.0,0.0,0.0,2.904528159400505e-06,1.742716895640303e-05,1.4522640797002526e-06,0.0,0.0,1.4522640797002526e-06,5.80905631880101e-06,0.0,2.0331697115803535e-05,4.356792239100758e-06,7.261320398501264e-06,0.0,0.0,0.0,1.4522640797002526e-06,1.4522640797002526e-06,0.0001539399924482,1.161811263760202e-05,0.0,0.0001582967846873,0.0046211043016062,1.3070376717302274e-05,1.4522640797002526e-06,0.0,1.742716895640303e-05,1.597490487670278e-05,0.0,0.0,5.80905631880101e-06,4.356792239100758e-06,0.0,1.4522640797002526e-06,0.0,0.0,0.0,2.904528159400505e-06,0.0,4.356792239100758e-06,5.80905631880101e-06,1.4522640797002526e-06,1.4522640797002528e-05,0.0,0.0,0.0,0.004268204130239,0.0,0.0,7.261320398501264e-06,1.4522640797002526e-06,0.0,0.0,0.0,2.904528159400505e-06,3.0497545673705307e-05,0.0,0.0,2.178396119550379e-05,0.0,0.0,0.0,0.0,0.0,4.356792239100758e-06,0.0,4.502018647070783e-05,0.0,5.80905631880101e-06,0.0,0.0,0.0,5.80905631880101e-06,0.0,0.0,0.0,226.0,1907.0,592.0,4595615.0,323.0,28778.0,21.0,1257.0,0.0,1125.0,46649.0,1607.0,324479.0,167.0,87.0,569.0,597.0,8252.0,5012251.0,4.508952165404327e-05,0.0003804677778507,0.0001181106053946,0.9168764692749825,6.444210395688484e-05,0.0057415320980533,4.1897343129863206e-06,0.0002507855253058,0.0,0.0002244500524814,0.0093069959984047,0.0003206144305223,0.0647371809592137,3.331836334612932e-05,1.7357470725229043e-05,0.0001135218487661,0.0001191081611834,0.0016463660738458
KARNATAKA,6887,66368,256,718.0,103533,1,925139,11610128,2555.0,430922,1647.0,434105,3800.0,827184,15334,47907,24896,1016.0,16868.0,1777550,1951506,4476220,104.0,607.0,400.0,34087.0,21536,261.0,107.0,167.0,274.0,616.0,425.0,1.0,148.0,55.0,19.0,59.0,3230.0,605865.0,229955,235.0,27.0,12.0,55.0,56.0,954.0,9.0,13.0,18.0,10.0,36.0,860.0,7.0,24.0,23.0,44.0,31.0,3.0,48.0,11.0,3.0,3.0,142.0,61.0,7.0,4.0,122.0,4.0,88.0,0.0,46.0,19.0,4.0,43.0,32.0,6.0,2.0,33.0,135.0,3.0,117.0,0.0,6.0,2.0,5.0,1.0,57.0,206.0,131.0,96.0,38.0,0.0,7.0,20.0,6.0,0.0,3.0,2.0,2.0,63.0,0.0,8.0,5.0,31.0,3.0,15.0,17.0,4.0,6.0,6.0,7.0,4.0,1.0,1.0,1.0,19.0,0.0,0.0,0.0,0.0,0.0,0.0,0.0,23626579.0,0.0002914937452434,0.002809039768305,1.0835254651128293e-05,3.0389503279336374e-05,0.0043820563273252,4.2325213480969887e-08,0.0391567056745709,0.4914011461413859,0.0001081409204438,0.0182388656436465,6.97096266031574e-05,0.0183735867981564,0.0001608358112276,0.0350107393880426,0.0006490148235171,0.0020276740022328,0.0010537285148222,4.30024168966654e-05,0.000713941700997,0.075235183223098,0.0825979080593936,0.189456967087787,4.401822202020868e-06,2.569140458294872e-05,1.6930085392387953e-05,0.0014427395519258,0.0009115157975261,1.104688071853314e-05,4.528797842463778e-06,7.068310651321971e-06,1.1597108493785747e-05,2.607233150427745e-05,1.79882157294122e-05,4.2325213480969887e-08,6.264131595183543e-06,2.327886741453344e-06,8.041790561384279e-07,2.497187595377223e-06,0.0001367104395435,0.0256433654656478,0.0097328944660164,9.946425168027923e-06,1.142780763986187e-06,5.079025617716387e-07,2.327886741453344e-06,2.370211954934313e-06,4.037825366084527e-05,3.80926921328729e-07,5.502277752526085e-07,7.618538426574579e-07,4.232521348096989e-07,1.5237076853149158e-06,3.63996835936341e-05,2.962764943667892e-07,1.0158051235432771e-06,9.734799100623074e-07,1.862309393162675e-06,1.3120816179100664e-06,1.269756404429097e-07,2.0316102470865547e-06,4.6557734829066886e-07,1.269756404429097e-07,1.269756404429097e-07,6.010180314297724e-06,2.581838022339163e-06,2.962764943667892e-07,1.6930085392387957e-07,5.163676044678326e-06,1.6930085392387957e-07,3.72461878632535e-06,0.0,1.9469598201246147e-06,8.041790561384279e-07,1.6930085392387957e-07,1.819984179681705e-06,1.3544068313910364e-06,2.5395128088581933e-07,8.465042696193977e-08,1.3967320448720063e-06,5.713903819930935e-06,1.269756404429097e-07,4.952049977273477e-06,0.0,2.5395128088581933e-07,8.465042696193977e-08,2.1162606740484945e-07,4.2325213480969887e-08,2.412537168415284e-06,8.718993977079796e-06,5.544602966007055e-06,4.063220494173109e-06,1.6083581122768557e-06,0.0,2.962764943667892e-07,8.465042696193977e-07,2.5395128088581933e-07,0.0,1.269756404429097e-07,8.465042696193977e-08,8.465042696193977e-08,2.666488449301103e-06,0.0,3.386017078477591e-07,2.1162606740484945e-07,1.3120816179100664e-06,1.269756404429097e-07,6.348782022145483e-07,7.19528629176488e-07,1.6930085392387957e-07,2.5395128088581933e-07,2.5395128088581933e-07,2.962764943667892e-07,1.6930085392387957e-07,4.2325213480969887e-08,4.2325213480969887e-08,4.2325213480969887e-08,8.041790561384279e-07,0.0,0.0,0.0,0.0,0.0,0.0,0.0,829.0,20926.0,53785.0,885251.0,29785004.0,1140.0,706397.0,757030.0,272.0,1640020.0,4702.0,5474.0,13824.0,695.0,13930.0,1728361.0,3325062.0,4480038.0,43422740.0,1.909137930955071e-05,0.0004819133937655,0.0012386367143114,0.0203868065442208,0.6859310121839386,2.625352522664392e-05,0.0162679047890575,0.0174339528090581,6.263999001444865e-06,0.0377686898615794,0.0001082842768558,0.000126062979904,0.0003183585374851,1.600543862501537e-05,0.0003207996547431,0.0398031308019715,0.0765742097343465,0.1031726233765994
KERALA,2743,16776,14,197.0,4358,74,39500,28800,544.0,53137,190.0,15545968,353.0,7700,2639,6835,1202,183.0,1242.0,156260,17702,9120,9.0,129.0,5.0,45.0,3329,7.0,13.0,33.0,0.0,1.0,17.0,0.0,14.0,20.0,4.0,8.0,7.0,33220.0,2016,42.0,10.0,1.0,3.0,4.0,271.0,0.0,0.0,0.0,0.0,3.0,5.0,0.0,0.0,4.0,1.0,12.0,0.0,10.0,0.0,0.0,0.0,0.0,11.0,0.0,1.0,4.0,7.0,16.0,4.0,1.0,0.0,0.0,1.0,1.0,0.0,0.0,0.0,0.0,0.0,6.0,0.0,0.0,14.0,0.0,0.0,0.0,0.0,2.0,8.0,2.0,1.0,64.0,1.0,74.0,1.0,2.0,0.0,0.0,0.0,0.0,0.0,0.0,0.0,0.0,0.0,0.0,0.0,0.0,0.0,0.0,0.0,0.0,0.0,0.0,0.0,0.0,0.0,0.0,0.0,0.0,0.0,0.0,15935001.0,0.000172136794971,0.0010527768401144,8.785691321889469e-07,1.2362722788658751e-05,0.0002734860198628,4.643865412998719e-06,0.0024788200515331,0.0018073422147886,3.413868627934193e-05,0.0033346091412231,1.192343822256428e-05,0.9755862581997956,2.215249311876416e-05,0.0004832130227039,0.0001656102814176,0.0004289300013222,7.543143549222243e-05,1.1484153656469805e-05,7.794163301276229e-05,0.0098060866139889,0.0011108879127149,0.000572325034683,5.647944421214658e-07,8.09538700374101e-06,3.13774690067481e-07,2.823972210607329e-06,0.0002089111886469,4.392845660944735e-07,8.158141941754506e-07,2.0709129544453747e-06,0.0,6.275493801349622e-08,1.0668339462294354e-06,0.0,8.785691321889469e-07,1.255098760269924e-06,2.510197520539849e-07,5.020395041079697e-07,4.392845660944735e-07,0.0020847190408083,0.0001265139550352,2.6357073965668405e-06,6.27549380134962e-07,6.275493801349622e-08,1.882648140404886e-07,2.510197520539849e-07,1.7006588201657472e-05,0.0,0.0,0.0,0.0,1.882648140404886e-07,3.13774690067481e-07,0.0,0.0,2.510197520539849e-07,6.275493801349622e-08,7.530592561619544e-07,0.0,6.27549380134962e-07,0.0,0.0,0.0,0.0,6.903043181484583e-07,0.0,6.275493801349622e-08,2.510197520539849e-07,4.392845660944735e-07,1.0040790082159391e-06,2.510197520539849e-07,6.275493801349622e-08,0.0,0.0,6.275493801349622e-08,6.275493801349622e-08,0.0,0.0,0.0,0.0,0.0,3.765296280809772e-07,0.0,0.0,8.785691321889469e-07,0.0,0.0,0.0,0.0,1.2550987602699244e-07,5.020395041079697e-07,1.2550987602699244e-07,6.275493801349622e-08,4.016316032863757e-06,6.275493801349622e-08,4.643865412998719e-06,6.275493801349622e-08,1.2550987602699244e-07,0.0,0.0,0.0,0.0,0.0,0.0,0.0,0.0,0.0,0.0,0.0,0.0,0.0,0.0,0.0,0.0,0.0,0.0,0.0,0.0,0.0,0.0,0.0,0.0,0.0,0.0,264.0,1919.0,6369.0,21751.0,75571.0,102.0,64008.0,28096376.0,81.0,31035.0,1312.0,733.0,2201.0,31.0,1185.0,616010.0,47216.0,12625.0,28978789.0,9.110111537097012e-06,6.622084863518624e-05,0.0002197814408324,0.0007505834698613,0.0026078039354922,3.5198158211511186e-06,0.002208787951767,0.969549693743241,2.795147857972947e-06,0.0010709557255825,4.5274493699512425e-05,2.529436271474284e-05,7.595210414072169e-05,1.0697479456439677e-06,4.089197792219682e-05,0.0212572719998754,0.0016293296452105,0.000435663477863
MADHYA PRADESH,1754,64311,71,772.0,109460,6,18080923,2413,671.0,632,3176.0,34599,934.0,475822,7972,13031,97591,1020.0,241831.0,18518,20484,762873,71.0,898.0,25.0,15.0,1918,11.0,70.0,3040.0,933.0,17.0,169.0,4.0,145.0,405.0,12.0,4.0,6.0,72.0,6021,180.0,12.0,13.0,23.0,16.0,71713.0,1.0,0.0,11.0,8.0,17.0,27314.0,1.0,1.0,51.0,3.0,4.0,13075.0,56.0,1.0,3.0,1.0,0.0,5.0,3.0,3691.0,124.0,0.0,50.0,0.0,9.0,19.0,0.0,13.0,7.0,1.0,2.0,2.0,6.0,0.0,11.0,0.0,0.0,9.0,1.0,6.0,23.0,5.0,5.0,23.0,8.0,5.0,5.0,8.0,0.0,2.0,0.0,5.0,0.0,137.0,0.0,0.0,0.0,3.0,0.0,13.0,6.0,0.0,0.0,0.0,1.0,0.0,0.0,0.0,5.0,7.0,0.0,2.0,0.0,2.0,0.0,0.0,0.0,20069428.0,8.739661140317502e-05,0.0032044261550453,3.5377191617020675e-06,3.846646750470417e-05,0.0054540667526747,2.98962182679048e-07,0.9009187008219668,0.0001202326244674,3.3433937429606864e-05,3.149068324219305e-05,0.0001582506486981,0.0017239654264187,4.653844643703847e-05,0.0237087972811183,0.0003972210867195,0.0006492960337484,0.0048626697283051,5.082357105543815e-05,0.0120497205999094,0.0009226969498084,0.0010206568916662,0.0380116961978188,3.5377191617020675e-06,4.474467334096418e-05,1.2456757611626998e-06,7.474054566976199e-07,9.556824439640232e-05,5.480973349115879e-07,3.48789213125556e-06,0.0001514741725573,4.648861940659196e-05,8.470595175906359e-07,8.420768145459852e-06,1.99308121786032e-07,7.224919414743659e-06,2.0179947330835736e-05,5.979243653580959e-07,1.99308121786032e-07,2.98962182679048e-07,3.5875461921485757e-06,0.0003000085503184,8.968865480371438e-06,5.979243653580959e-07,6.477513958046039e-07,1.146021700269684e-06,7.972324871441279e-07,0.0035732458344104,4.9827030446508e-08,0.0,5.480973349115879e-07,3.98616243572064e-07,8.470595175906359e-07,0.0013609755096159,4.9827030446508e-08,4.9827030446508e-08,2.5411785527719075e-06,1.4948109133952397e-07,1.99308121786032e-07,0.000651488423088,2.790313705004448e-06,4.9827030446508e-08,1.4948109133952397e-07,4.9827030446508e-08,0.0,2.4913515223254e-07,1.4948109133952397e-07,0.000183911569378,6.178551775366991e-06,0.0,2.4913515223254e-06,0.0,4.484432740185719e-07,9.46713578483652e-07,0.0,6.477513958046039e-07,3.48789213125556e-07,4.9827030446508e-08,9.9654060893016e-08,9.9654060893016e-08,2.98962182679048e-07,0.0,5.480973349115879e-07,0.0,0.0,4.484432740185719e-07,4.9827030446508e-08,2.98962182679048e-07,1.146021700269684e-06,2.4913515223254e-07,2.4913515223254e-07,1.146021700269684e-06,3.98616243572064e-07,2.4913515223254e-07,2.4913515223254e-07,3.98616243572064e-07,0.0,9.9654060893016e-08,0.0,2.4913515223254e-07,0.0,6.826303171171595e-06,0.0,0.0,0.0,1.4948109133952397e-07,0.0,6.477513958046039e-07,2.98962182679048e-07,0.0,0.0,0.0,4.9827030446508e-08,0.0,0.0,0.0,2.4913515223254e-07,3.48789213125556e-07,0.0,9.9654060893016e-08,0.0,9.9654060893016e-08,0.0,0.0,0.0,1059.0,250794.0,198397.0,56619090.0,8307.0,886.0,924.0,80759.0,231.0,1283977.0,13411.0,721348.0,189288.0,650.0,322074.0,38562.0,162645.0,1227672.0,61120074.0,1.732654970280304e-05,0.0041033000058213,0.0032460202845958,0.9263583352336908,0.000135912793561,1.4496055747576484e-05,1.5117782743522204e-05,0.0013213171175152,3.779445685880551e-06,0.0210074516598261,0.0002194205458586,0.0118021453966171,0.0030969857791729,1.0634803878018864e-05,0.0052695289603216,0.000630922010991,0.0026610733488313,0.0200862322254387
MAHARASHTRA,10322,354970,266,1123.0,2239594,7,10417018,488979,6723.0,240459,44405.0,350928,3260.0,27487142,67316,125503,268350,3555.0,704915.0,489641,910133,5899606,109.0,1530.0,90.0,425.0,104808,236.0,228.0,1461.0,2869.0,620.0,360.0,8.0,463.0,262.0,40.0,50.0,212.0,117467.0,68166,1195.0,135.0,8.0,43.0,43.0,166399.0,37.0,6.0,26.0,15.0,117.0,34658.0,7.0,8.0,487.0,55.0,21.0,175015.0,256.0,17.0,27.0,14.0,34.0,28.0,14.0,6136.0,1256.0,0.0,13.0,4.0,34.0,9.0,15.0,14.0,18.0,2.0,16.0,15.0,8.0,0.0,92.0,12.0,3.0,28.0,0.0,1.0,64.0,157.0,70.0,106.0,13.0,2.0,65.0,30.0,6.0,95.0,40.0,1.0,22.0,16407.0,1642.0,14.0,6.0,11.0,11.0,10.0,4.0,8.0,0.0,0.0,28.0,8.0,0.0,10.0,3.0,0.0,0.0,74.0,1.0,17.0,1.0,0.0,0.0,50818886.0,0.0002031134645493,0.0069850015996021,5.234274517548456e-06,2.209808377145457e-05,0.0440701120445654,1.377440662512752e-07,0.2049832025046751,0.0096219936816403,0.0001322933367724,0.004731685775245,0.0008737893231268,0.0069054642402039,6.414937942559386e-05,0.5408843869580298,0.0013246256519672,0.0024696133638191,0.0052805171683613,6.99543079318976e-05,0.0138711226373596,0.0096350203347629,0.0179093457499245,0.1160908171029172,2.144871888769856e-06,3.010691733777872e-05,1.770995137516395e-06,8.36303259382742e-06,0.002062382870809,4.643942805042991e-06,4.486521015041534e-06,2.8749154399016144e-05,5.645538943927263e-05,1.2200188725112944e-05,7.08398055006558e-06,1.5742179000145734e-07,9.110786096334344e-06,5.155563622547728e-06,7.871089500072866e-07,9.838861875091083e-07,4.171677435038619e-06,0.0023114831757626,0.0013413517171549,2.351487988146769e-05,2.6564927062745923e-06,1.5742179000145734e-07,8.461421212578332e-07,8.461421212578332e-07,0.0032743535543065,7.280757787567402e-07,1.18066342501093e-07,5.116208175047364e-07,2.951658562527325e-07,2.3022936787713134e-06,0.0006819905497338,1.377440662512752e-07,1.5742179000145734e-07,9.583051466338716e-06,1.082274806260019e-06,4.132321987538255e-07,0.0034438968221381,5.037497280046635e-06,3.345213037530969e-07,5.312985412549185e-07,2.754881325025504e-07,6.690426075061937e-07,5.509762650051007e-07,2.754881325025504e-07,0.0001207425129311,2.47152210302288e-05,0.0,2.558104087523682e-07,7.871089500072867e-08,6.690426075061937e-07,1.7709951375163949e-07,2.951658562527325e-07,2.754881325025504e-07,3.5419902750327897e-07,3.9355447500364336e-08,3.148435800029147e-07,2.951658562527325e-07,1.5742179000145734e-07,0.0,1.8103505850167592e-06,2.36132685002186e-07,5.90331712505465e-08,5.509762650051007e-07,0.0,1.9677723750182168e-08,1.2593743200116588e-06,3.0894026287786e-06,1.3774406625127517e-06,2.0858387175193097e-06,2.558104087523682e-07,3.9355447500364336e-08,1.2790520437618409e-06,5.90331712505465e-07,1.18066342501093e-07,1.8693837562673056e-06,7.871089500072866e-07,1.9677723750182168e-08,4.329099225040077e-07,0.0003228524135692,3.231082239779912e-05,2.754881325025504e-07,1.18066342501093e-07,2.1645496125200385e-07,2.1645496125200385e-07,1.9677723750182165e-07,7.871089500072867e-08,1.5742179000145734e-07,0.0,0.0,5.509762650051007e-07,1.5742179000145734e-07,0.0,1.9677723750182165e-07,5.90331712505465e-08,0.0,0.0,1.4561515575134803e-06,1.9677723750182168e-08,3.345213037530969e-07,1.9677723750182168e-08,0.0,0.0,2310.0,161497.0,2016381.0,6168941.0,1060701.0,2680.0,312618.0,340597.0,748.0,57894839.0,39751.0,38183.0,225511.0,277.0,618696.0,427447.0,1122332.0,5734468.0,76167977.0,3.032770582839557e-05,0.0021202742459603,0.0264728180978208,0.0809912674981508,0.0139258129436731,3.518539031173166e-05,0.0041043232643555,0.0044716561134346,9.82039998252809e-06,0.7600942191230837,0.000521885988911,0.0005012999098033,0.0029607061770854,3.636698924011071e-06,0.0081227836732489,0.0056118990793204,0.0147349587609501,0.0752871249291549
MANIPUR,826,5471,63,178.0,64,1,16502,167,4.0,8,98.0,618,688466.0,225,6555,337,709,1.0,0.0,1148,433,79,11.0,3.0,2.0,1.0,93,79.0,5381.0,8.0,0.0,2.0,1703.0,69.0,3.0,1.0,4.0,0.0,1.0,2.0,2796,3.0,0.0,545.0,30.0,66.0,0.0,0.0,1.0,9.0,1321.0,19.0,2.0,3.0,8070.0,0.0,30190.0,16.0,1.0,3.0,12.0,0.0,0.0,0.0,957.0,0.0,0.0,0.0,0.0,1.0,0.0,0.0,6.0,2.0,11.0,786.0,418.0,0.0,1.0,5.0,2.0,4677.0,0.0,0.0,5.0,2.0,0.0,7.0,29758.0,15735.0,64.0,3151.0,3.0,1109.0,0.0,0.0,0.0,14.0,7.0,1.0,0.0,0.0,0.0,2.0,10.0,309.0,204.0,0.0,0.0,0.0,1.0,0.0,6.0,4.0,0.0,8.0,2241.0,0.0,2234.0,13.0,0.0,0.0,0.0,0.0,834157.0,0.0009902212653013,0.0065587173637576,7.55253507433253e-05,0.0002133890862271,7.672416583448919e-05,1.1988150911638935e-06,0.0197828466343865,0.0002002021202243,4.795260364655574e-06,9.590520729311148e-06,0.000117483878934,0.0007408677263392,0.8253434305532412,0.0002697333955118,0.0078582329225793,0.0004040006857222,0.0008499598996352,1.1988150911638935e-06,0.0,0.0013762397246561,0.0005190869344739,9.47063922019476e-05,1.318696600280283e-05,3.596445273491681e-06,2.397630182327787e-06,1.1988150911638935e-06,0.0001114898034782,9.47063922019476e-05,0.0064508240055529,9.590520729311148e-06,0.0,2.397630182327787e-06,0.0020415821002521,8.271824129030866e-05,3.596445273491681e-06,1.1988150911638935e-06,4.795260364655574e-06,0.0,1.1988150911638935e-06,2.397630182327787e-06,0.0033518869948942,3.596445273491681e-06,0.0,0.0006533542246843,3.5964452734916806e-05,7.912179601681697e-05,0.0,0.0,1.1988150911638935e-06,1.0789335820475043e-05,0.0015836347354275,2.277748673211398e-05,2.397630182327787e-06,3.596445273491681e-06,0.0096744377856926,0.0,0.0361922276022379,1.9181041458622297e-05,1.1988150911638935e-06,3.596445273491681e-06,1.4385781093966723e-05,0.0,0.0,0.0,0.0011472660422438,0.0,0.0,0.0,0.0,1.1988150911638935e-06,0.0,0.0,7.192890546983362e-06,2.397630182327787e-06,1.318696600280283e-05,0.0009422686616548,0.0005011047081065,0.0,1.1988150911638935e-06,5.994075455819468e-06,2.397630182327787e-06,0.0056068581813735,0.0,0.0,5.994075455819468e-06,2.397630182327787e-06,0.0,8.391705638147255e-06,0.0356743394828551,0.0188633554594638,7.672416583448919e-05,0.0037774663522574,3.596445273491681e-06,0.0013294859361007,0.0,0.0,0.0,1.678341127629451e-05,8.391705638147255e-06,1.1988150911638935e-06,0.0,0.0,0.0,2.397630182327787e-06,1.1988150911638937e-05,0.0003704338631696,0.0002445582785974,0.0,0.0,0.0,1.1988150911638935e-06,0.0,7.192890546983362e-06,4.795260364655574e-06,0.0,9.590520729311148e-06,0.0026865446192982,0.0,0.0026781529136601,1.5584596185130617e-05,0.0,0.0,0.0,0.0,1685.0,19385.0,94.0,24061.0,153.0,27.0,8.0,1792.0,1110134.0,248.0,46498.0,433.0,2031.0,0.0,11.0,2600.0,376.0,193.0,1209729.0,0.0013928739411884,0.0160242500593108,7.770335339567787e-05,0.0198895785750362,0.0001264746071227,2.231904831577981e-05,6.613051352823649e-06,0.0014813235030324,0.9176716438144412,0.0002050045919375,0.0384367077254492,0.0003579314044715,0.0016788884121981,0.0,9.092945610132516e-06,0.0021492416896676,0.0003108134135827,0.0001595398638868
MEGHALAYA,11420,60870,1940,208.0,211,6,44440,340,26.0,53,789.0,1195,3508.0,4149,36887,688,3880,3.0,230.0,657,768,1839,337.0,4.0,177.0,1.0,206,287965.0,1206.0,131.0,5.0,15.0,4139.0,0.0,72.0,18.0,294.0,16.0,472.0,15.0,3314,72.0,6.0,180.0,70.0,395.0,6.0,0.0,10.0,66.0,275.0,113324.0,0.0,52.0,1351.0,2.0,157.0,171.0,0.0,11.0,16.0,0.0,1130.0,3.0,45.0,0.0,0.0,0.0,1.0,0.0,0.0,90.0,11.0,1.0,209.0,183.0,0.0,27.0,4.0,82.0,0.0,677.0,0.0,0.0,1168.0,46.0,22.0,55.0,805.0,412.0,367.0,418.0,31.0,25.0,0.0,0.0,0.0,10.0,22.0,9.0,0.0,0.0,51.0,0.0,37.0,18.0,276.0,21.0,0.0,1.0,0.0,1.0,24.0,69.0,0.0,104.0,284.0,1.0,33.0,13.0,0.0,4.0,0.0,23.0,595471.0,0.0191780959945992,0.1022216027312833,0.0032579252390124,0.0003493033245951,0.0003543413533152,1.007605744024478e-05,0.0746299987740796,0.0005709765882805,4.366291557439405e-05,8.900517405549557e-05,0.0013250015533921,0.0020068147735154,0.0058911349167297,0.0069675937199292,0.0619459217997182,0.0011553879198147,0.0065158504780249,5.03802872012239e-06,0.0003862488685427,0.0011033282897068,0.0012897353523513,0.003088311605435,0.0005659385595604,6.717371626829854e-06,0.0002972436944872,1.6793429067074637e-06,0.0003459446387817,0.4835919801300147,0.0020252875454892,0.0002199939207786,8.396714533537318e-06,2.5190143600611956e-05,0.0069508002908621,0.0,0.0001209126892829,3.0228172320734345e-05,0.0004937268145719,2.6869486507319416e-05,0.0007926498519659,2.5190143600611956e-05,0.0055653423928285,0.0001209126892829,1.007605744024478e-05,0.0003022817232073,0.0001175540034695,0.0006633404481494,1.007605744024478e-05,0.0,1.6793429067074635e-05,0.0001108366318426,0.0004618192993445,0.1903098555597166,0.0,8.732583114878811e-05,0.0022687922669617,3.358685813414927e-06,0.000263656836353,0.0002871676370469,0.0,1.8472771973782095e-05,2.6869486507319416e-05,0.0,0.0018976574845794,5.03802872012239e-06,7.557043080183585e-05,0.0,0.0,0.0,1.6793429067074637e-06,0.0,0.0,0.0001511408616036,1.8472771973782095e-05,1.6793429067074637e-06,0.0003509826675018,0.0003073197519274,0.0,4.534225848110152e-05,6.717371626829854e-06,0.00013770611835,0.0,0.0011369151478409,0.0,0.0,0.0019614725150343,7.724977370854332e-05,3.69455439475642e-05,9.236385986891049e-05,0.0013518710398995,0.0006918892775634,0.0006163188467616,0.0007019653350037,5.205963010793137e-05,4.198357266768659e-05,0.0,0.0,0.0,1.6793429067074635e-05,3.69455439475642e-05,1.5114086160367172e-05,0.0,0.0,8.564648824208064e-05,0.0,6.213568754817615e-05,3.0228172320734345e-05,0.0004634986422512,3.5266201040856737e-05,0.0,1.6793429067074637e-06,0.0,1.6793429067074637e-06,4.030422976097912e-05,0.0001158746605628,0.0,0.0001746516622975,0.0004769333855049,1.6793429067074637e-06,5.54183159213463e-05,2.1831457787197027e-05,0.0,6.717371626829854e-06,0.0,3.862488685427166e-05,34118.0,144261.0,94.0,38930.0,281.0,29.0,42.0,2142.0,1796.0,433.0,49186.0,736.0,4748.0,8.0,333.0,642.0,528.0,2863.0,281170.0,0.1213429597752249,0.5130739410321158,0.0003343173169257,0.1384571611480599,0.0009993953835757,0.0001031404488387,0.0001493758224561,0.0076181669452644,0.0063875946936017,0.001539993598179,0.1749333143649749,0.0026176334601842,0.0168865810719493,2.8452537610698155e-05,0.0011843368780453,0.0022833161432585,0.001877867482306,0.0101824518974286
MIZORAM,1008,11063,178,152.0,42,1,8608,155,16.0,43,85.0,615,1989.0,216,8123,234,265,0.0,0.0,227,230,78,24.0,35.0,1.0,1.0,48,526.0,187.0,38.0,0.0,6.0,499431.0,2.0,14.0,3.0,21.0,1.0,1.0,0.0,2999,708.0,0.0,3.0,9.0,35.0,10.0,9.0,5.0,22.0,203.0,68.0,0.0,88.0,3815.0,2.0,13.0,7.0,0.0,6.0,0.0,1.0,2.0,0.0,1.0,0.0,0.0,0.0,0.0,3.0,0.0,14050.0,3.0,1.0,7.0,11.0,2.0,2.0,116.0,4.0,0.0,4577.0,0.0,0.0,7.0,7.0,1.0,5.0,18.0,263.0,1175.0,167.0,8.0,15.0,1.0,0.0,20.0,14.0,3.0,0.0,0.0,0.0,9.0,0.0,3.0,0.0,42.0,2.0,0.0,0.0,0.0,0.0,5.0,4.0,0.0,49.0,10.0,0.0,0.0,0.0,0.0,9501.0,0.0,0.0,571778.0,0.0017629219732133,0.0193484184421226,0.0003113096341587,0.0002658374404051,7.345508221722417e-05,1.748930528981528e-06,0.0150547939934729,0.0002710842319921,2.7982888463704446e-05,7.52040127462057e-05,0.0001486590949634,0.0010755922753236,0.0034786228221442,0.00037776899426,0.0142065626869169,0.0004092497437816,0.0004634665901801,0.0,0.0,0.0003970072300788,0.0004022540216657,0.0001364165812605,4.1974332695556666e-05,6.121256851435347e-05,1.748930528981528e-06,1.748930528981528e-06,8.394866539111333e-05,0.0009199374582442,0.0003270500089195,6.645936010129806e-05,0.0,1.0493583173889168e-05,0.8734701230197734,3.497861057963056e-06,2.448502740574139e-05,5.246791586944583e-06,3.672754110861208e-05,1.748930528981528e-06,1.748930528981528e-06,0.0,0.0052450426564156,0.0012382428145189,0.0,5.246791586944583e-06,1.574037476083375e-05,6.121256851435347e-05,1.7489305289815276e-05,1.574037476083375e-05,8.744652644907638e-06,3.847647163759361e-05,0.0003550328973832,0.0001189272759707,0.0,0.0001539058865503,0.0066721699680645,3.497861057963056e-06,2.273609687675986e-05,1.2242513702870697e-05,0.0,1.0493583173889168e-05,0.0,1.748930528981528e-06,3.497861057963056e-06,0.0,1.748930528981528e-06,0.0,0.0,0.0,0.0,5.246791586944583e-06,0.0,0.0245724739321904,5.246791586944583e-06,1.748930528981528e-06,1.2242513702870697e-05,1.9238235818796806e-05,3.497861057963056e-06,3.497861057963056e-06,0.0002028759413618,6.995722115926112e-06,0.0,0.0080048550311484,0.0,0.0,1.2242513702870697e-05,1.2242513702870697e-05,1.748930528981528e-06,8.744652644907638e-06,3.14807495216675e-05,0.0004599687291221,0.0020549933715532,0.0002920713983399,1.3991444231852223e-05,2.623395793472292e-05,1.748930528981528e-06,0.0,3.497861057963055e-05,2.448502740574139e-05,5.246791586944583e-06,0.0,0.0,0.0,1.574037476083375e-05,0.0,5.246791586944583e-06,0.0,7.345508221722417e-05,3.497861057963056e-06,0.0,0.0,0.0,0.0,8.744652644907638e-06,6.995722115926112e-06,0.0,8.569759592009486e-05,1.7489305289815276e-05,0.0,0.0,0.0,0.0,0.0166165889558534,0.0,0.0,808.0,59092.0,23.0,8837.0,31.0,12.0,24.0,1375.0,1084.0,113.0,8247.0,96.0,531.0,0.0,1.0,331.0,179.0,349.0,81133.0,0.0099589562816609,0.7283349561830574,0.0002834851416809,0.1089199216101956,0.0003820886692221,0.0001479052913117,0.0002958105826235,0.0169474812961433,0.0133607779818323,0.0013927748265194,0.1016479114540322,0.0011832423304943,0.006544809140547,0.0,1.2325440942649725e-05,0.004079720952017,0.0022062539287343,0.0043015788889847
NAGALAND,8340,50976,2659,607.0,190,21,45662,185,38.0,27,1154.0,1987,7081.0,1587,21735,2287,1050,0.0,16.0,763,830,769,47.0,16.0,133.0,1.0,256,235.0,3215.0,255.0,1.0,16.0,987.0,170.0,122.0,50.0,57.0,10.0,191.0,0.0,51029,37.0,5.0,78.0,53731.0,86873.0,15.0,10.0,13521.0,140.0,10.0,759.0,10.0,2.0,54.0,9.0,3154.0,308.0,4.0,30.0,7518.0,8.0,3.0,0.0,26.0,0.0,0.0,0.0,0.0,0.0,0.0,3.0,38.0,1.0,50629.0,6127.0,59.0,5.0,0.0,7.0,0.0,92.0,9.0,1046.0,46.0,9866.0,20787.0,5724.0,1399.0,31.0,231.0,99.0,13707.0,1042.0,0.0,0.0,2.0,95.0,7602.0,17648.0,0.0,0.0,27.0,6.0,88.0,13274.0,114.0,2.0,0.0,0.0,6694.0,1.0,32399.0,44.0,0.0,48.0,13.0,3.0,395.0,10532.0,0.0,1.0,0.0,7.0,571003.0,0.0146058777274375,0.089274487174323,0.0046567180907981,0.0010630417003063,0.0003327478139344,3.677738996117359e-05,0.0799680562098622,0.0003239912925151,6.654956278688554e-05,4.728521566436604e-05,0.0020210051435806,0.0034798416120405,0.0124009856340509,0.0027793198984944,0.0380645986098146,0.0040052328972001,0.0018388694980586,0.0,2.802086854184654e-05,0.0013362451685893,0.0014535825556082,0.0013467529942924,8.231130134167421e-05,2.802086854184654e-05,0.000232923469754,1.7513042838654087e-06,0.0004483338966695,0.0004115565067083,0.0056304432726272,0.0004465825923856,1.7513042838654087e-06,2.802086854184654e-05,0.0017285373281751,0.0002977217282571,0.0002136591226315,8.756521419327044e-05,9.98243441803283e-05,1.751304283865409e-05,0.0003344991182182,0.0,0.0893673063013679,6.479825850302012e-05,8.756521419327044e-06,0.0001366017341415,0.0940993304763722,0.1521410570522396,2.626956425798113e-05,1.751304283865409e-05,0.0236793852221441,0.0002451825997411,1.751304283865409e-05,0.0013292399514538,1.751304283865409e-05,3.502608567730817e-06,9.457043132873207e-05,1.576173855478868e-05,0.0055236137113114,0.0005394017194305,7.005217135461635e-06,5.253912851596226e-05,0.0131663056061001,1.401043427092327e-05,5.253912851596226e-06,0.0,4.553391138050063e-05,0.0,0.0,0.0,0.0,0.0,0.0,5.253912851596226e-06,6.654956278688554e-05,1.7513042838654087e-06,0.0886667845878217,0.0107302413472433,0.000103326952748,8.756521419327044e-06,0.0,1.225912998705786e-05,0.0,0.0001611199941156,1.576173855478868e-05,0.0018318642809232,8.05599970578088e-05,0.0172783680646161,0.0364043621487102,0.0100244657208456,0.0024500746931277,5.429043279982767e-05,0.0004045512895729,0.0001733791241026,0.0240051278189431,0.0018248590637877,0.0,0.0,3.502608567730817e-06,0.0001663739069672,0.0133134151659448,0.0309070180016567,0.0,0.0,4.728521566436604e-05,1.0507825703192453e-05,0.0001541147769801,0.0232468130640294,0.0001996486883606,3.502608567730817e-06,0.0,0.0,0.011723230876195,1.7513042838654087e-06,0.0567405074929553,7.705738849007799e-05,0.0,8.406260562553962e-05,2.2766955690250318e-05,5.253912851596226e-06,0.0006917651921268,0.0184447367176704,0.0,1.7513042838654087e-06,0.0,1.225912998705786e-05,13144.0,38280.0,127.0,40589.0,122.0,32.0,75.0,4493.0,5445.0,260.0,32274.0,1965.0,1466.0,1.0,7.0,1166.0,416.0,1381.0,141243.0,0.0930594790538292,0.2710222807501964,0.0008991596043697,0.2873699935572028,0.0008637596199457,0.0002265599003136,0.0005309997663601,0.0318104260034125,0.0385505830377434,0.0018407991900483,0.2284998194600794,0.0139121938786346,0.0103792754331188,7.07999688480137e-06,4.955997819360959e-05,0.0082552763676783,0.0029452787040773,0.0097774756979106
PUNJAB,3494,21520,213,11487.0,10577,1,1835736,3299,2320.0,133,6508.0,8790,831.0,18718,17373,8308,8383222,103.0,664.0,9056,8562,16672,28.0,313.0,16.0,8.0,1215,83.0,225.0,143.0,24399.0,2.0,466.0,1.0,132.0,107.0,240.0,5.0,176.0,4.0,2794,167.0,43.0,18.0,5.0,11.0,266.0,0.0,0.0,14.0,3.0,34.0,11.0,5.0,37.0,23.0,1.0,0.0,72.0,65.0,1.0,6.0,1.0,2.0,9.0,0.0,0.0,18.0,0.0,74.0,0.0,1.0,2.0,4.0,14.0,1.0,0.0,1.0,5.0,4.0,0.0,26.0,0.0,4.0,4.0,1.0,0.0,4.0,17.0,17.0,83.0,4.0,0.0,0.0,40.0,0.0,0.0,0.0,2.0,0.0,0.0,0.0,1.0,0.0,0.0,6.0,28.0,0.0,1.0,0.0,0.0,0.0,8.0,14.0,2.0,5.0,16.0,0.0,0.0,0.0,4.0,0.0,0.0,0.0,10399149.0,0.0003359890314101,0.0020694001018737,2.048244524624082e-05,0.0011046096175754,0.0010171024571337,9.616171477108369e-08,0.17652752162701,0.0003172374970298,0.0002230951782689,1.2789508064554128e-05,0.0006258204397302,0.0008452614728378,7.991038497477053e-05,0.0017999549770851,0.001670617470718,0.0007989115263181,0.8061450028266736,9.90465662142162e-06,6.385137860799956e-05,0.0008708404889669,0.00082333660187,0.0016032081086635,2.692528013590343e-06,3.009861672334919e-05,1.5385874363373388e-06,7.692937181686694e-07,0.0001168364834468,7.981422325999945e-06,2.1636385823493828e-05,1.3751125212264964e-05,0.0023462496786996,1.9232342954216738e-07,4.481135908332499e-05,9.616171477108369e-08,1.2693346349783043e-05,1.0289303480505951e-05,2.307881154506008e-05,4.808085738554183e-07,1.6924461799710728e-05,3.846468590843347e-07,0.0002686758310704,1.6059006366770975e-05,4.1349537351565975e-06,1.730910865879506e-06,4.808085738554183e-07,1.0577788624819205e-06,2.5579016129108256e-05,0.0,0.0,1.3462640067951717e-06,2.88485144313251e-07,3.269498302216845e-06,1.0577788624819205e-06,4.808085738554183e-07,3.557983446530096e-06,2.211719439734925e-06,9.616171477108369e-08,0.0,6.923643463518024e-06,6.250511460120439e-06,9.616171477108369e-08,5.76970288626502e-07,9.616171477108369e-08,1.9232342954216738e-07,8.65455432939753e-07,0.0,0.0,1.730910865879506e-06,0.0,7.115966893060192e-06,0.0,9.616171477108369e-08,1.9232342954216738e-07,3.846468590843347e-07,1.3462640067951717e-06,9.616171477108369e-08,0.0,9.616171477108369e-08,4.808085738554183e-07,3.846468590843347e-07,0.0,2.5002045840481758e-06,0.0,3.846468590843347e-07,3.846468590843347e-07,9.616171477108369e-08,0.0,3.846468590843347e-07,1.6347491511084224e-06,1.6347491511084224e-06,7.981422325999945e-06,3.846468590843347e-07,0.0,0.0,3.846468590843347e-06,0.0,0.0,0.0,1.9232342954216738e-07,0.0,0.0,0.0,9.616171477108369e-08,0.0,0.0,5.76970288626502e-07,2.692528013590343e-06,0.0,9.616171477108369e-08,0.0,0.0,0.0,7.692937181686694e-07,1.3462640067951717e-06,1.9232342954216738e-07,4.808085738554183e-07,1.5385874363373388e-06,0.0,0.0,0.0,3.846468590843347e-07,0.0,0.0,0.0,1809.0,9667.0,4352.0,1478993.0,1742.0,1083.0,53.0,7139.0,1.0,5704.0,7734.0,3987.0,18704461.0,26.0,326.0,6271.0,3829.0,13416.0,20250593.0,8.933071737701706e-05,0.0004773687368068,0.0002149072869125,0.0730345526177924,8.602217228897939e-05,5.347991537828053e-05,2.617207308447708e-06,0.0003525328863209,4.9381269970711484e-08,0.0002816707639129,0.0003819147419534,0.0001968831233732,0.923650038297644,1.2839130192384984e-06,1.609829401045194e-05,0.0003096699439863,0.0001890808827178,0.000662499117927
RAJASTHAN,1905,50235,80,3537.0,38454,3,15533566,4292,1792.0,115,9020.0,18008,873.0,16338,5787,11000,414071,914.0,233904.0,6489,5802,551177,191.0,498.0,4.0,0.0,4118,14.0,52.0,73.0,3768.0,1.0,151.0,1.0,1028.0,24.0,49.0,5.0,37.0,58.0,5364,102.0,124.0,7.0,3.0,5.0,123234.0,2.0,6.0,0.0,6.0,21.0,482.0,12.0,2.0,366.0,15.0,1.0,53.0,40.0,5.0,0.0,1.0,0.0,7.0,0.0,1.0,7.0,0.0,26.0,0.0,24.0,0.0,1.0,7.0,250.0,0.0,8.0,2.0,2.0,0.0,4.0,1.0,0.0,251.0,0.0,0.0,0.0,12.0,5.0,144.0,1.0,0.0,0.0,3.0,0.0,8.0,3.0,0.0,0.0,5.0,0.0,0.0,0.0,1.0,1.0,0.0,6.0,0.0,0.0,0.0,1.0,0.0,5.0,3.0,1.0,4.0,0.0,0.0,0.0,10.0,0.0,0.0,0.0,17048089.0,0.0001117427296396,0.0029466645792381,4.692608068857454e-06,0.0002074719342443,0.002255619383498,1.7597280258215453e-07,0.9111617143716224,0.0002517584228942,0.0001051144207424,6.74562409898259e-06,0.0005290915597636,0.0010563060762998,5.120808555140696e-05,0.0009583478828624,0.0003394515361809,0.0006452336094678,0.0242884114459984,5.361304718669641e-05,0.0137202474717254,0.0003806291719852,0.0003403314001938,0.032330720469608,1.120360176439717e-05,2.921148522863765e-05,2.346304034428727e-07,0.0,0.0002415520003444,8.212064120500544e-07,3.050195244757345e-06,4.282004862832427e-06,0.0002210218400431,5.8657600860718174e-08,8.857297729968445e-06,5.8657600860718174e-08,6.030001368481828e-05,1.4077824206572362e-06,2.8742224421751904e-06,2.932880043035909e-07,2.1703312318465723e-06,3.402140849921654e-06,0.0003146393710168,5.983075287793253e-06,7.273542506729054e-06,4.106032060250272e-07,1.7597280258215453e-07,2.932880043035909e-07,0.0072286107844697,1.1731520172143637e-07,3.5194560516430906e-07,0.0,3.5194560516430906e-07,1.2318096180750816e-06,2.827296361486616e-05,7.038912103286181e-07,1.1731520172143637e-07,2.146868191502285e-05,8.798640129107725e-07,5.8657600860718174e-08,3.108852845618063e-06,2.346304034428727e-06,2.932880043035909e-07,0.0,5.8657600860718174e-08,0.0,4.106032060250272e-07,0.0,5.8657600860718174e-08,4.106032060250272e-07,0.0,1.5250976223786725e-06,0.0,1.4077824206572362e-06,0.0,5.8657600860718174e-08,4.106032060250272e-07,1.4664400215179543e-05,0.0,4.692608068857454e-07,1.1731520172143637e-07,1.1731520172143637e-07,0.0,2.346304034428727e-07,5.8657600860718174e-08,0.0,1.472305781604026e-05,0.0,0.0,0.0,7.038912103286181e-07,2.932880043035909e-07,8.446694523943417e-06,5.8657600860718174e-08,0.0,0.0,1.7597280258215453e-07,0.0,4.692608068857454e-07,1.7597280258215453e-07,0.0,0.0,2.932880043035909e-07,0.0,0.0,0.0,5.8657600860718174e-08,5.8657600860718174e-08,0.0,3.5194560516430906e-07,0.0,0.0,0.0,5.8657600860718174e-08,0.0,2.932880043035909e-07,1.7597280258215453e-07,5.8657600860718174e-08,2.346304034428727e-07,0.0,0.0,0.0,5.865760086071817e-07,0.0,0.0,0.0,2135.0,28133.0,50367.0,39410968.0,3101.0,1005.0,126.0,26450.0,1.0,18142.0,6769.0,10494.0,834243.0,433.0,336523.0,12461.0,7332.0,953497.0,41702180.0,5.119636431476724e-05,0.0006746170104296,0.0012077785861554,0.9450577403867136,7.436062095554717e-05,2.4099459548637504e-05,3.0214247792321647e-06,0.0006342594080213,2.3979561739937816e-08,0.0004350372090859,0.0001623176534176,0.0002516415208989,0.0200047815246109,1.0383150233393077e-05,0.008069674055409,0.0002988093188413,0.0001758181466772,0.0228644401803454
SIKKIM,298,4030,19,51.0,112,7,30648,90,19.0,19,244.0,370,211.0,552,90669,550,250,0.0,0.0,215,296,1404,2.0,9.0,12673.0,0.0,52,15.0,0.0,18.0,0.0,21.0,12.0,0.0,15.0,7.0,1.0,0.0,1069.0,0.0,926,30.0,0.0,0.0,4.0,1.0,0.0,0.0,0.0,0.0,0.0,3.0,28.0,0.0,0.0,0.0,7.0,8.0,0.0,4.0,0.0,0.0,0.0,0.0,0.0,0.0,0.0,0.0,0.0,10.0,0.0,0.0,3768.0,1533.0,0.0,4.0,0.0,0.0,0.0,1.0,25.0,4.0,0.0,0.0,7.0,0.0,0.0,1.0,9.0,13.0,5.0,0.0,0.0,0.0,2.0,0.0,472.0,1454.0,0.0,5.0,0.0,0.0,0.0,1333.0,0.0,0.0,1.0,0.0,0.0,0.0,0.0,0.0,0.0,0.0,0.0,0.0,0.0,0.0,0.0,0.0,0.0,0.0,0.0,0.0,153606.0,0.0019400283843079,0.0262359543247008,0.0001236930849055,0.0003320182805359,0.0007291381847063,4.557113654414541e-05,0.1995234561149955,0.0005859146127104,0.0001236930849055,0.0001236930849055,0.0015884796166816,0.0024087600744762,0.0013736442586878,0.003593609624624,0.5902699113315886,0.0035805892998971,0.0016275405908623,0.0,0.0,0.0013996849081416,0.001927008059581,0.0091402679582828,1.3020324726898688e-05,5.85914612710441e-05,0.0825032876319935,0.0,0.0003385284428993,9.765243545174016e-05,0.0,0.000117182922542,0.0,0.0001367134096324,7.812194836139214e-05,0.0,9.765243545174016e-05,4.557113654414541e-05,6.510162363449344e-06,0.0,0.0069593635665273,0.0,0.006028410348554,0.0001953048709034,0.0,0.0,2.6040649453797376e-05,6.510162363449344e-06,0.0,0.0,0.0,0.0,0.0,1.9530487090348037e-05,0.0001822845461765,0.0,0.0,0.0,4.557113654414541e-05,5.208129890759475e-05,0.0,2.6040649453797376e-05,0.0,0.0,0.0,0.0,0.0,0.0,0.0,0.0,0.0,6.510162363449344e-05,0.0,0.0,0.0245302917854771,0.0099800789031678,0.0,2.6040649453797376e-05,0.0,0.0,0.0,6.510162363449344e-06,0.0001627540590862,2.6040649453797376e-05,0.0,0.0,4.557113654414541e-05,0.0,0.0,6.510162363449344e-06,5.85914612710441e-05,8.463211072484147e-05,3.255081181724672e-05,0.0,0.0,0.0,1.3020324726898688e-05,0.0,0.003072796635548,0.0094657760764553,0.0,3.255081181724672e-05,0.0,0.0,0.0,0.0086780464304779,0.0,0.0,6.510162363449344e-06,0.0,0.0,0.0,0.0,0.0,0.0,0.0,0.0,0.0,0.0,0.0,0.0,0.0,0.0,0.0,0.0,0.0,77.0,2746.0,42.0,19868.0,43.0,4.0,0.0,710.0,42.0,140.0,256418.0,110.0,526.0,0.0,6.0,169.0,184.0,1703.0,282788.0,0.0002722887817021,0.0097104544747301,0.0001485211536557,0.0702575781150543,0.0001520573715999,1.4144871776737344e-05,0.0,0.0025107147403708,0.0001485211536557,0.0004950705121858,0.906749932811859,0.0003889839738602,0.0018600506386409,0.0,2.121730766510601e-05,0.0005976208325671,0.0006506641017299,0.0060221791589459
TAMIL NADU,1920,20454,54,885.0,257161,1,344718,591530,413.0,5876,266.0,616912,568.0,66606,5912,13967,6171,743.0,8390.0,29657137,2260418,1021050,23.0,810.0,4.0,147.0,22216,24.0,32.0,455.0,17.0,40.0,110.0,0.0,121.0,37.0,29.0,51.0,234.0,2305.0,7934,109.0,14.0,1.0,24.0,5.0,830.0,1.0,5.0,49.0,3.0,6.0,249.0,5.0,5.0,11.0,2.0,1.0,11.0,15.0,3.0,3.0,3.0,5.0,6.0,10.0,12.0,6.0,4.0,9.0,29.0,16.0,7.0,1.0,9.0,9.0,2.0,1.0,7.0,23.0,76.0,12.0,5.0,15.0,1.0,2.0,4.0,33.0,14.0,26.0,20.0,6.0,4.0,11.0,0.0,0.0,0.0,0.0,0.0,0.0,0.0,0.0,0.0,0.0,0.0,0.0,0.0,0.0,0.0,0.0,0.0,0.0,0.0,0.0,0.0,0.0,0.0,0.0,0.0,0.0,0.0,0.0,0.0,0.0,34917481.0,5.498678441322844e-05,0.0005857810877021,1.5465033116220498e-06,2.534547094047248e-05,0.0073648210762969,2.8638950215223144e-08,0.0098723616402912,0.0169407982208109,1.1827886438887158e-05,0.0001682824714646,7.617960757249356e-06,0.0176677120551737,1.6266923722246744e-05,0.0019075259180351,0.0001693134736723,0.000400000217656,0.0001767309617781,2.12787400099108e-05,0.0002402807923057,0.8493492700690523,0.0647359985675942,0.0292418001172535,6.586958549501322e-07,2.3197549674330742e-05,1.1455580086089259e-07,4.209925681637802e-06,0.0006362429179813,6.873348051653555e-07,9.164464068871406e-07,1.303072234792653e-05,4.868621536587934e-07,1.1455580086089257e-06,3.1502845236745457e-06,0.0,3.4653129760420003e-06,1.0596411579632563e-06,8.305295562414712e-07,1.4605864609763802e-06,6.701514350362216e-06,6.601278024608934e-05,0.0002272214310075,3.1216455734593226e-06,4.00945303013124e-07,2.8638950215223144e-08,6.873348051653555e-07,1.431947510761157e-07,2.377032867863521e-05,2.8638950215223144e-08,1.431947510761157e-07,1.403308560545934e-06,8.591685064566943e-08,1.7183370129133886e-07,7.131098603590563e-06,1.431947510761157e-07,1.431947510761157e-07,3.1502845236745457e-07,5.7277900430446295e-08,2.8638950215223144e-08,3.1502845236745457e-07,4.2958425322834725e-07,8.591685064566943e-08,8.591685064566943e-08,8.591685064566943e-08,1.431947510761157e-07,1.7183370129133886e-07,2.863895021522314e-07,3.4366740258267773e-07,1.7183370129133886e-07,1.1455580086089259e-07,2.577505519370083e-07,8.305295562414712e-07,4.582232034435703e-07,2.00472651506562e-07,2.8638950215223144e-08,2.577505519370083e-07,2.577505519370083e-07,5.7277900430446295e-08,2.8638950215223144e-08,2.00472651506562e-07,6.586958549501322e-07,2.176560216356959e-06,3.4366740258267773e-07,1.431947510761157e-07,4.2958425322834725e-07,2.8638950215223144e-08,5.7277900430446295e-08,1.1455580086089259e-07,9.450853571023636e-07,4.00945303013124e-07,7.446127055958017e-07,5.727790043044628e-07,1.7183370129133886e-07,1.1455580086089259e-07,3.1502845236745457e-07,0.0,0.0,0.0,0.0,0.0,0.0,0.0,0.0,0.0,0.0,0.0,0.0,0.0,0.0,0.0,0.0,0.0,0.0,0.0,0.0,0.0,0.0,0.0,0.0,0.0,0.0,0.0,0.0,0.0,0.0,509.0,5574.0,244921.0,159948.0,1208296.0,193.0,6303.0,661137.0,156.0,70045.0,3627.0,2660.0,5536.0,169.0,8257.0,48434744.0,3975561.0,1036660.0,55824296.0,9.11789375722714e-06,9.984899764790584e-05,0.0043873549251745,0.0028652040681354,0.0216446258453487,3.457276021895556e-06,0.0001129078278031,0.0118431766698858,2.794482173138377e-06,0.0012547404090863,6.497171052546726e-05,4.764950372146207e-05,9.916829045188497e-05,3.027355687566575e-06,0.0001479105083564,0.8676283889007754,0.0712156047610524,0.018570050574395
TRIPURA,1088,882641,103,219.0,183,4,21198,196,26.0,4,114.0,573,6885.0,550,1826,2056,361,1.0,4.0,360,447,99,7.0,172.0,3.0,0.0,27,25.0,95.0,360.0,0.0,2.0,250.0,0.0,74.0,11.0,6.0,348.0,1.0,3.0,299,111.0,1.0,2.0,2.0,81.0,9.0,0.0,0.0,11.0,0.0,1203.0,14.0,1311.0,4.0,4.0,8.0,2.0,0.0,2.0,5.0,0.0,1.0,0.0,1.0,0.0,0.0,3.0,0.0,1.0,0.0,4.0,0.0,1.0,3.0,5.0,0.0,0.0,827.0,1.0,0.0,9.0,0.0,0.0,0.0,0.0,1.0,1.0,18.0,4.0,35452.0,2.0,0.0,0.0,1.0,0.0,0.0,0.0,0.0,0.0,4.0,0.0,1.0,0.0,4.0,0.0,1712.0,1.0,0.0,0.0,0.0,0.0,1.0,3.0,0.0,3.0,3.0,0.0,1.0,0.0,0.0,0.0,0.0,0.0,961459.0,0.001131613516541,0.9180225053798446,0.0001071288531284,0.0002277788236419,0.0001903357293446,4.160343810812526e-06,0.0220477420254009,0.0002038568467298,2.704223477028141e-05,4.160343810812526e-06,0.0001185697986081,0.0005959692508988,0.007160991784361,0.0005720472739867,0.0018991969496359,0.0021384167187576,0.0003754710289258,1.0400859527031314e-06,4.160343810812526e-06,0.0003744309429731,0.0004649184208582,0.0001029685093176,7.28060166892192e-06,0.0001788947838649,3.120257858109394e-06,0.0,2.8082320722984547e-05,2.6002148817578285e-05,9.880816550679748e-05,0.0003744309429731,0.0,2.080171905406263e-06,0.0002600214881757,0.0,7.696636050003172e-05,1.1440945479734446e-05,6.240515716218788e-06,0.0003619499115406,1.0400859527031314e-06,3.120257858109394e-06,0.0003109856998582,0.00011544954075,1.0400859527031314e-06,2.080171905406263e-06,2.080171905406263e-06,8.424696216895365e-05,9.360773574328182e-06,0.0,0.0,1.1440945479734446e-05,0.0,0.0012512234011018,1.456120333784384e-05,0.0013635526839938,4.160343810812526e-06,4.160343810812526e-06,8.320687621625052e-06,2.080171905406263e-06,0.0,2.080171905406263e-06,5.200429763515657e-06,0.0,1.0400859527031314e-06,0.0,1.0400859527031314e-06,0.0,0.0,3.120257858109394e-06,0.0,1.0400859527031314e-06,0.0,4.160343810812526e-06,0.0,1.0400859527031314e-06,3.120257858109394e-06,5.200429763515657e-06,0.0,0.0,0.0008601510828854,1.0400859527031314e-06,0.0,9.360773574328182e-06,0.0,0.0,0.0,0.0,1.0400859527031314e-06,1.0400859527031314e-06,1.8721547148656365e-05,4.160343810812526e-06,0.0368731271952314,2.080171905406263e-06,0.0,0.0,1.0400859527031314e-06,0.0,0.0,0.0,0.0,0.0,4.160343810812526e-06,0.0,1.0400859527031314e-06,0.0,4.160343810812526e-06,0.0,0.0017806271510277,1.0400859527031314e-06,0.0,0.0,0.0,0.0,1.0400859527031314e-06,3.120257858109394e-06,0.0,3.120257858109394e-06,3.120257858109394e-06,0.0,1.0400859527031314e-06,0.0,0.0,0.0,0.0,0.0,989.0,1899162.0,1067.0,45803.0,308.0,12.0,4.0,1231.0,19737.0,434.0,3082.0,18423.0,1230.0,1.0,11.0,423.0,2932.0,173.0,1995022.0,0.0004957338816313,0.9519504045569422,0.0005348311948439,0.0229586440650779,0.0001543842624291,6.014971263474789e-06,2.0049904211582628e-06,0.0006170358021114,0.0098931239856001,0.0002175414606956,0.0015448451195024,0.0092344846322496,0.0006165345545061,5.012476052895657e-07,5.513723658185223e-06,0.0002120277370374,0.001469657978709,8.671583571509488e-05
UTTAR PRADESH,7867,111618,178,2426.0,8734,4,38042721,5095,6003.0,305,16136.0,22169,961.0,21384,14800,17058,175977,1668.0,28007.0,13466,12962,5968862,33.0,2820.0,199.0,12.0,7194,46.0,143.0,702.0,539.0,1.0,180.0,0.0,223.0,78.0,27.0,13.0,57.0,72.0,2059,422.0,5.0,9.0,13.0,22.0,794.0,35.0,0.0,12.0,9.0,20.0,176.0,0.0,0.0,25.0,12.0,4.0,198.0,116.0,0.0,1.0,0.0,0.0,1.0,0.0,2.0,2.0,0.0,42.0,2.0,12.0,6.0,5.0,25.0,16.0,0.0,35.0,1.0,2.0,0.0,8.0,16.0,0.0,2.0,1.0,0.0,15.0,12.0,10.0,60.0,1.0,0.0,2.0,8.0,2.0,12.0,0.0,0.0,2.0,33.0,1.0,0.0,7.0,1.0,7.0,8.0,0.0,5.0,0.0,0.0,5.0,0.0,1.0,11.0,10.0,0.0,0.0,0.0,2.0,3.0,0.0,0.0,0.0,44495068.0,0.0001768061125336,0.0025085476889258,4.000443374982594e-06,5.452289678487512e-05,0.0001962914181859,8.989760393219311e-08,0.8549873662402314,0.0001145070730086,0.0001349138291012,6.854692299829725e-06,0.0003626469342624,0.0004982349953931,2.1597899344709395e-05,0.0004805925906215,0.0003326211345491,0.0003833683319688,0.0039549776617938,3.7487300839724526e-05,0.0006294405483322,0.0003026402836377,0.0002913131855422,0.1341465980004795,7.416552324405932e-07,6.337781077219615e-05,4.472405795626608e-06,2.6969281179657933e-07,0.000161680840672,1.0338224452202209e-06,3.213839340575904e-06,1.577702949009989e-05,1.2113702129863022e-05,2.2474400983048282e-08,4.04539217694869e-06,0.0,5.0117914192197664e-06,1.7530032766777655e-06,6.068088265423035e-07,2.921672127796276e-07,1.2810408560337518e-06,1.618156870779476e-06,4.6274791624096405e-05,9.484197214846371e-06,1.123720049152414e-07,2.022696088474345e-07,2.921672127796276e-07,4.944368216270621e-07,1.7844674380540334e-05,7.866040344066898e-07,0.0,2.6969281179657933e-07,2.022696088474345e-07,4.494880196609656e-07,3.955494573016497e-06,0.0,0.0,5.61860024576207e-07,2.6969281179657933e-07,8.989760393219311e-08,4.449931394643559e-06,2.6070305140336e-06,0.0,2.2474400983048282e-08,0.0,0.0,2.2474400983048282e-08,0.0,4.4948801966096564e-08,4.4948801966096564e-08,0.0,9.439248412880276e-07,4.4948801966096564e-08,2.6969281179657933e-07,1.348464058982897e-07,1.123720049152414e-07,5.61860024576207e-07,3.595904157287725e-07,0.0,7.866040344066898e-07,2.2474400983048282e-08,4.4948801966096564e-08,0.0,1.7979520786438626e-07,3.595904157287725e-07,0.0,4.4948801966096564e-08,2.2474400983048282e-08,0.0,3.371160147457242e-07,2.6969281179657933e-07,2.247440098304828e-07,1.3484640589828968e-06,2.2474400983048282e-08,0.0,4.4948801966096564e-08,1.7979520786438626e-07,4.4948801966096564e-08,2.6969281179657933e-07,0.0,0.0,4.4948801966096564e-08,7.416552324405932e-07,2.2474400983048282e-08,0.0,1.5732080688133796e-07,2.2474400983048282e-08,1.5732080688133796e-07,1.7979520786438626e-07,0.0,1.123720049152414e-07,0.0,0.0,1.123720049152414e-07,0.0,2.2474400983048282e-08,2.4721841081353106e-07,2.247440098304828e-07,0.0,0.0,0.0,4.4948801966096564e-08,6.742320294914483e-08,0.0,0.0,0.0,2844.0,263917.0,11311.0,125348492.0,3727.0,5227.0,364.0,15721.0,576.0,17698.0,99859.0,14742.0,661215.0,44847.0,52168.0,15569.0,10597.0,12492927.0,139061801.0,2.0451338754055112e-05,0.0018978396518825,8.133793693639851e-05,0.9013869452186946,2.680103359225155e-05,3.758760466506543e-05,2.6175412470028343e-06,0.0001130504558904,4.142043291960529e-06,0.0001272671565644,0.0007180908005067,0.0001060104205036,0.004754828394607,0.0003224969019349,0.0003751425598177,0.0001119574166884,7.620352910573911e-05,0.0898372299953169
WEST BENGAL,3636,22510185,3200,865.0,37230,359,4328190,1288,260.0,451,21197.0,9253,1517.0,9895,340038,126306,52236,134.0,5257.0,13995,84426,1331754,10.0,1186.0,2420.0,1.0,13599,137.0,136.0,12223.0,8.0,3.0,412.0,0.0,2807.0,660.0,9.0,1330.0,6010.0,34.0,14063,145221.0,93.0,12.0,16.0,51.0,161.0,70.0,9.0,3.0,1.0,180.0,37.0,5.0,22.0,851.0,13.0,4.0,0.0,468.0,1.0,6.0,29.0,3988.0,3.0,14.0,0.0,1433.0,0.0,13.0,0.0,3.0,662.0,83.0,65.0,14.0,8.0,37.0,52.0,6.0,1.0,42.0,0.0,1.0,145.0,5.0,1.0,4.0,20.0,42.0,68.0,14.0,3.0,0.0,15.0,541.0,76.0,1307.0,3.0,2.0,0.0,0.0,4.0,645.0,0.0,5.0,25.0,0.0,4.0,4.0,3.0,0.0,9.0,7.0,1.0,6.0,3.0,0.0,0.0,4.0,0.0,0.0,0.0,0.0,29093364.0,0.0001249769535073,0.773722316882984,0.0001099907181582,2.973186600215774e-05,0.0012796732615726,1.2339583693381075e-05,0.1487689770079527,4.427126405870425e-05,8.936745850359552e-06,1.5501816840431377e-05,0.0007285853915002,0.0003180450359745,5.214247482690555e-05,0.000340111923805,0.0116878199440944,0.0043414023899058,0.001795460985536,4.605861322877615e-06,0.0001806941266743,0.0004810375314453,0.0029018988660094,0.045775180896922,3.437209942445982e-07,4.076530991740934e-05,8.318048060719276e-05,3.4372099424459824e-08,0.0004674261800732,4.708977621150995e-06,4.674605521726535e-06,0.0004201301712651,2.7497679539567854e-07,1.0311629827337945e-07,1.4161304962877446e-05,0.0,9.648248308445872e-05,2.268558562014348e-05,3.093488948201384e-07,4.571489223453156e-05,0.000206576317541,1.1686513804316338e-06,0.0004833748342061,0.0049915506505194,3.196605246474763e-06,4.124651930935178e-07,5.499535907913571e-07,1.7529770706474508e-06,5.533908007338031e-06,2.406046959712187e-06,3.093488948201384e-07,1.0311629827337945e-07,3.4372099424459824e-08,6.186977896402767e-06,1.2717676787050134e-06,1.718604971222991e-07,7.56186187338116e-07,2.9250656610215302e-05,4.468372925179777e-07,1.374883976978393e-07,0.0,1.6086142530647195e-05,3.4372099424459824e-08,2.062325965467589e-07,9.967908833093347e-07,0.0001370759325047,1.0311629827337945e-07,4.812093919424375e-07,0.0,4.925521847525092e-05,0.0,4.468372925179777e-07,0.0,1.0311629827337945e-07,2.27543298189924e-05,2.852884252230165e-06,2.234186462589888e-06,4.812093919424375e-07,2.7497679539567854e-07,1.2717676787050134e-06,1.7873491700719106e-06,2.062325965467589e-07,3.4372099424459824e-08,1.4436281758273124e-06,0.0,3.4372099424459824e-08,4.983954416546674e-06,1.718604971222991e-07,3.4372099424459824e-08,1.374883976978393e-07,6.874419884891964e-07,1.4436281758273124e-06,2.3373027608632675e-06,4.812093919424375e-07,1.0311629827337945e-07,0.0,5.155814913668973e-07,1.859530578863276e-05,2.6122795562589464e-06,4.492433394776898e-05,1.0311629827337945e-07,6.874419884891963e-08,0.0,0.0,1.374883976978393e-07,2.2170004128776584e-05,0.0,1.718604971222991e-07,8.593024856114954e-07,0.0,1.374883976978393e-07,1.374883976978393e-07,1.0311629827337945e-07,0.0,3.093488948201384e-07,2.406046959712188e-07,3.4372099424459824e-08,2.062325965467589e-07,1.0311629827337945e-07,0.0,0.0,1.374883976978393e-07,0.0,0.0,0.0,0.0,4021.0,58541519.0,38319.0,4479170.0,1624.0,462.0,944.0,17215.0,824.0,11849.0,860403.0,170001.0,71376.0,41.0,5404.0,25797.0,108443.0,1455649.0,65793061.0,6.11158675228684e-05,0.8897825714477702,0.0005824170424294,0.0680796718061195,2.468345408036267e-05,7.02201710906869e-06,1.4348017642772387e-05,0.0002616537327545,1.252411709496234e-05,0.000180094979925,0.0130774125253117,0.0025838743085688,0.0010848560458374,6.231660205017669e-07,8.213632133637923e-05,0.0003920930202654,0.0016482437258847,0.0221246584043262
